original degree,degree when deleted
61,0
65,1
61,2
55,3
65,4
61,5
59,6
57,7
65,8
56,9
58,10
57,11
63,12
65,13
60,14
55,15
61,16
66,17
66,18
62,19
68,20
65,21
70,22
59,23
66,23
56,23
70,23
56,23
66,24
67,25
58,26
56,25
62,24
65,24
61,22
63,23
62,24
62,24
62,25
61,25
61,25
61,26
65,27
64,28
60,28
60,27
63,28
57,28
55,27
64,26
56,25
54,25
58,25
58,26
57,26
57,27
53,27
53,27
53,28
64,28
59,27
55,27
52,28
53,26
50,26
54,27
55,27
55,26
56,25
58,25
49,25
60,25
52,24
53,25
53,24
59,25
50,23
56,23
57,24
49,24
51,24
52,24
51,25
62,24
53,20
54,21
54,22
52,22
51,22
54,22
51,20
54,21
51,20
53,19
50,18
53,18
50,19
53,19
49,19
47,20
54,20
53,21
55,21
51,21
54,21
58,21
50,21
55,19
54,19
50,19
45,19
50,20
47,19
49,19
49,20
47,20
47,20
43,21
53,21
54,21
44,21
45,21
45,22
48,22
49,23
48,23
43,23
47,22
49,18
45,19
54,19
47,20
45,21
44,22
47,22
45,20
47,20
45,21
49,18
48,16
52,15
48,16
52,16
44,17
46,17
48,17
46,17
48,17
46,16
48,17
49,17
46,17
49,18
46,18
47,18
45,18
46,19
47,18
48,19
46,20
46,21
47,21
49,22
51,23
48,24
44,23
49,24
49,22
48,21
46,22
48,21
42,20
46,21
38,21
51,22
40,21
46,21
51,21
50,20
45,19
45,18
36,18
49,19
47,19
48,20
44,20
44,19
50,18
51,19
44,19
43,20
43,21
53,21
56,21
53,21
40,21
56,21
54,21
58,22
56,22
54,22
52,22
56,23
50,24
56,24
51,25
55,22
51,21
58,19
57,20
58,20
58,20
57,21
57,22
59,23
53,23
64,23
62,23
65,24
64,25
61,25
50,25
60,26
55,26
60,26
67,27
63,27
67,25
51,26
55,25
65,25
49,24
57,23
53,18
43,19
53,15
42,15
49,14
51,14
48,14
45,12
53,12
47,12
54,13
57,12
50,13
57,14
51,15
57,15
55,16
59,17
51,16
53,17
55,18
51,18
55,19
56,20
55,21
58,21
56,22
53,23
59,22
54,23
58,24
56,24
55,25
60,25
60,26
58,27
56,27
58,28
60,29
54,29
61,28
57,29
54,29
62,28
64,27
62,28
60,27
59,28
61,27
62,28
48,27
67,27
53,28
60,29
62,29
55,29
47,26
47,27
47,25
44,25
48,26
42,26
60,25
46,24
42,24
55,25
52,26
56,25
51,25
53,26
61,26
53,26
61,25
52,25
59,25
51,25
54,25
53,26
56,27
58,27
59,25
54,26
59,27
60,27
59,28
52,28
47,29
53,27
54,28
55,28
54,29
56,28
54,28
54,28
52,29
52,26
56,26
54,25
55,26
58,26
51,24
52,25
56,26
55,27
44,28
50,27
54,27
56,27
54,27
50,26
54,26
51,27
51,25
50,25
48,25
49,25
45,23
56,21
40,21
50,22
42,22
53,22
44,21
54,18
56,19
56,19
55,20
46,21
56,21
56,22
49,19
51,18
51,18
46,17
57,16
57,17
55,17
60,18
58,18
53,17
59,18
53,19
53,20
59,20
57,20
56,21
58,21
61,22
49,21
50,21
55,21
54,22
57,22
53,22
48,22
52,22
45,23
52,22
54,23
55,22
54,23
53,23
55,24
51,24
51,25
49,26
51,26
55,26
55,26
53,26
51,27
52,27
53,28
52,29
48,28
52,28
48,29
58,29
54,28
55,27
48,27
48,28
58,28
59,27
57,27
56,27
50,27
52,27
49,26
54,25
50,26
47,26
50,27
49,28
50,28
54,26
53,23
51,24
48,25
50,25
50,25
55,26
54,26
47,25
50,26
51,26
50,25
49,24
50,24
53,24
53,25
46,25
53,26
48,25
51,26
52,26
45,25
49,25
47,23
50,22
57,22
52,21
52,21
53,21
56,22
48,22
53,21
54,22
51,22
50,21
52,21
51,21
56,21
59,22
52,23
59,23
58,23
61,22
58,23
52,23
59,23
48,21
58,22
55,22
57,23
59,24
55,25
59,25
61,25
58,26
61,26
57,27
50,24
61,25
53,25
44,26
60,24
52,23
59,23
59,24
52,22
52,23
52,24
51,23
56,24
52,25
53,24
53,25
52,26
56,27
52,28
51,25
50,26
50,27
51,27
52,27
51,27
52,28
49,28
52,27
52,27
47,27
42,27
46,26
47,27
38,26
34,26
38,25
43,26
46,26
45,26
51,25
48,25
57,24
57,25
52,26
44,25
50,26
41,25
40,25
33,24
33,25
36,24
36,25
31,25
35,24
42,25
44,22
47,23
41,23
33,23
36,21
34,22
40,22
37,19
36,19
32,19
33,20
32,20
32,20
33,21
32,21
29,22
32,23
30,22
40,23
38,23
41,24
37,24
37,25
42,25
41,26
51,25
44,26
53,25
44,26
43,26
43,26
44,25
44,25
39,26
44,27
50,27
44,26
38,27
47,25
47,26
50,24
44,22
45,23
49,23
46,22
39,22
44,22
38,20
38,21
36,18
36,18
44,18
35,19
35,19
35,20
43,19
34,19
37,19
38,19
37,20
33,18
29,19
35,20
44,20
37,18
34,18
39,18
39,18
41,19
44,18
38,18
45,18
47,18
44,19
46,18
46,16
48,17
42,14
50,15
49,16
41,17
43,16
47,17
45,16
46,14
51,14
57,14
53,15
50,16
53,17
52,18
52,18
59,18
52,19
57,19
60,19
48,20
53,20
61,20
59,21
42,20
59,20
50,21
61,21
61,21
59,22
47,21
44,20
47,20
46,20
48,21
48,22
42,22
57,23
41,22
61,23
57,23
46,23
54,23
58,22
44,23
63,24
53,25
54,25
45,24
58,25
59,26
44,27
47,26
48,26
48,25
61,25
52,24
55,23
53,24
56,24
56,24
57,25
54,24
59,24
57,25
62,25
58,26
58,26
64,26
57,25
49,26
55,26
47,27
57,24
63,24
50,24
61,24
63,25
61,25
49,24
53,23
65,23
65,24
52,25
56,25
59,25
66,25
66,26
64,27
51,27
50,26
50,27
47,27
50,27
50,28
50,28
59,27
52,28
58,28
50,27
58,25
58,25
54,26
51,26
56,25
56,26
52,25
49,26
48,27
54,25
55,26
56,27
53,28
46,28
54,28
46,28
49,28
48,28
51,27
55,28
50,28
42,27
44,28
47,28
46,28
46,27
47,26
46,27
47,27
44,27
51,27
52,27
50,27
49,26
41,27
48,27
42,27
41,26
47,27
54,27
52,27
44,25
44,25
40,26
43,27
41,27
43,25
48,23
47,23
42,24
46,25
40,25
36,26
50,26
47,26
40,27
56,27
48,27
47,26
49,26
47,27
43,27
37,26
36,26
36,26
47,27
50,27
53,27
52,27
47,26
34,25
48,25
49,25
51,25
37,25
47,24
48,23
52,24
52,23
54,24
49,23
49,18
52,18
52,18
39,16
50,17
52,17
49,17
48,17
49,18
49,19
51,18
51,18
52,18
48,19
48,20
51,21
51,20
53,21
51,22
47,22
48,22
54,23
49,24
40,24
48,25
48,24
44,25
44,26
47,25
52,26
52,27
52,26
48,25
48,26
42,24
47,24
37,24
42,22
46,23
46,23
45,21
44,21
45,21
46,22
48,23
48,23
41,23
47,23
43,21
42,22
44,22
44,21
40,22
39,22
45,21
43,21
41,22
37,23
42,22
44,22
37,20
37,21
39,19
41,20
40,19
36,19
34,19
36,16
34,16
35,17
38,18
44,18
42,18
41,18
43,17
40,17
43,18
42,18
45,18
35,19
46,19
45,19
46,19
50,19
50,20
44,21
40,22
46,22
40,23
39,22
48,22
46,23
43,22
44,23
41,22
47,23
48,23
42,23
46,23
43,23
46,23
39,22
47,21
44,22
45,22
37,22
40,23
45,23
42,22
43,22
51,23
54,23
53,24
45,24
50,25
58,25
42,25
48,26
55,26
44,26
50,24
41,24
42,24
49,24
54,24
44,24
52,23
46,23
48,24
49,24
51,25
48,24
45,24
48,25
45,25
45,26
44,24
46,25
49,24
46,25
48,25
45,26
45,26
51,27
50,27
51,27
55,27
31,27
48,27
57,27
44,26
46,25
52,25
50,26
42,25
47,25
50,25
49,25
45,25
53,25
42,26
48,26
42,26
53,25
52,26
44,26
46,26
45,26
52,26
44,25
44,25
49,26
49,26
49,24
47,25
47,26
49,26
53,25
53,25
51,25
53,26
37,25
46,25
47,25
47,25
53,25
47,24
48,24
37,23
41,24
46,23
48,23
46,21
45,22
47,22
47,22
48,19
44,20
47,20
49,21
46,20
46,20
44,19
44,20
43,19
45,19
49,20
42,19
41,20
42,21
43,19
46,19
44,19
44,18
44,18
47,17
47,18
44,18
48,19
48,20
44,20
44,20
44,21
42,20
42,21
44,22
44,23
45,23
48,23
47,24
41,24
41,22
48,23
41,22
43,22
48,23
41,24
43,24
46,23
46,23
43,24
44,23
48,23
42,24
51,24
47,23
46,21
42,22
45,22
49,23
43,23
41,23
47,23
46,24
44,25
42,25
50,24
47,24
46,24
49,25
45,26
47,25
48,26
52,26
56,25
49,26
46,25
31,26
53,26
53,26
47,26
44,24
42,24
44,24
48,23
46,22
50,22
51,22
46,23
47,22
57,22
47,22
51,21
45,21
48,20
46,20
43,21
44,21
40,21
44,19
39,19
42,19
41,19
45,19
47,20
34,20
46,21
42,21
40,21
39,21
39,22
42,22
44,23
45,22
44,22
47,22
50,23
44,19
45,19
44,18
43,18
43,19
43,19
49,20
45,20
44,20
41,20
39,20
41,20
51,21
38,21
41,22
38,23
42,23
43,23
48,23
36,24
36,25
55,25
52,26
39,26
43,26
52,26
49,25
50,25
51,26
49,25
49,26
48,26
46,25
47,26
44,26
54,26
41,25
46,25
42,25
44,25
43,26
42,26
46,25
46,26
44,24
44,25
47,26
51,23
54,23
46,21
47,21
49,22
44,18
50,19
48,19
46,20
50,18
52,19
50,19
54,19
52,20
54,21
50,21
49,21
55,21
52,22
55,22
51,23
53,21
53,22
56,23
51,23
48,23
56,23
55,24
54,24
54,24
52,25
52,26
50,25
47,25
49,25
49,25
52,26
34,26
45,25
44,24
49,24
46,22
47,21
43,20
46,21
46,21
40,20
40,21
39,21
38,21
37,20
39,21
39,22
40,23
39,24
36,24
37,23
37,23
36,24
38,24
41,23
36,23
42,24
40,24
41,24
41,22
40,23
43,23
47,24
43,24
44,24
40,24
44,23
41,24
44,24
54,0
54,1
54,2
54,3
55,4
54,5
49,6
53,7
55,8
49,9
52,10
54,11
55,12
60,13
54,14
54,15
50,16
59,17
53,18
53,19
59,20
53,21
57,22
55,22
51,20
57,20
51,20
53,20
53,21
55,22
52,23
49,22
53,23
54,23
47,22
45,22
48,23
49,22
50,20
39,20
43,20
40,21
40,20
39,20
35,21
38,21
49,21
48,20
49,21
53,20
48,20
51,21
52,19
47,20
48,21
47,20
47,20
47,20
48,21
51,22
53,22
37,21
36,21
40,22
34,22
31,22
31,22
36,23
51,23
43,22
37,23
39,22
39,22
44,20
38,21
40,21
41,20
39,20
42,21
39,22
39,21
38,21
46,22
40,22
37,22
41,22
34,22
32,22
38,23
45,22
42,22
38,22
49,22
41,22
44,23
43,23
40,23
41,23
39,23
42,23
43,23
41,24
43,23
45,24
49,24
43,24
49,25
46,25
48,25
42,23
44,23
41,24
47,24
44,25
49,26
47,26
48,26
56,25
50,26
50,26
45,22
44,22
44,23
52,23
44,24
57,23
54,24
52,23
49,23
49,24
42,25
48,24
47,24
49,24
44,25
47,25
49,25
47,26
51,26
34,26
50,26
38,24
41,24
41,24
41,25
37,25
46,25
37,26
44,25
45,26
45,26
57,26
50,26
50,25
47,24
47,24
51,25
47,24
47,25
42,25
41,25
43,24
46,24
49,24
50,25
46,26
47,26
29,26
41,25
48,26
50,24
45,25
42,26
45,26
48,25
45,24
52,25
52,26
51,26
44,25
43,25
42,24
42,25
46,24
46,22
41,23
44,23
43,22
48,22
47,23
48,23
49,24
50,25
48,24
43,25
50,26
48,26
29,26
33,25
33,25
36,25
31,25
48,22
56,23
52,24
43,24
48,24
48,24
54,24
45,23
52,23
61,24
43,24
59,22
47,22
43,23
52,22
44,23
45,21
54,20
46,20
43,21
43,22
43,20
56,18
52,19
45,20
47,21
47,22
49,20
44,21
46,21
50,21
56,22
50,23
44,23
54,22
47,22
47,23
49,23
45,24
50,25
51,25
46,25
46,26
49,26
41,26
42,26
50,25
52,26
43,26
45,25
41,26
45,26
33,25
46,24
38,23
41,22
42,22
43,22
44,22
38,22
44,23
43,23
38,23
44,22
34,22
43,20
39,19
40,20
33,21
36,19
38,19
40,20
38,21
42,21
37,22
34,23
42,24
39,24
38,25
37,25
44,25
42,26
33,26
48,25
46,23
55,23
43,23
43,24
43,25
39,25
40,25
45,24
45,25
49,24
43,24
53,24
43,24
46,24
58,24
48,25
48,25
40,24
35,25
44,24
38,23
44,24
37,24
50,24
41,24
47,24
50,25
38,25
32,22
46,22
33,22
45,22
38,23
41,24
44,24
45,24
44,23
45,24
41,23
43,20
44,21
40,21
38,21
39,20
40,21
40,22
40,23
41,23
41,23
36,24
37,23
38,23
33,23
34,24
33,24
35,24
35,24
32,24
32,23
31,24
30,24
31,25
30,25
28,26
41,26
50,22
45,23
48,22
48,21
48,20
43,20
44,21
42,22
43,21
40,21
40,22
37,22
37,21
38,22
46,21
35,22
34,22
41,23
34,24
45,24
33,25
43,25
38,25
43,25
49,25
48,25
47,25
43,25
32,24
35,25
34,25
45,25
44,23
43,22
44,22
40,23
45,23
43,23
43,23
53,24
45,22
48,21
46,20
50,20
48,20
50,20
51,21
50,20
44,21
46,22
44,22
51,18
50,19
46,19
45,17
52,16
44,17
47,17
46,17
53,17
51,18
48,19
48,20
47,20
52,20
51,21
51,22
49,21
52,22
53,21
53,21
55,21
55,22
55,21
50,22
52,22
52,22
55,23
53,24
53,24
42,22
47,23
38,23
42,23
47,24
38,23
39,23
40,24
41,24
48,24
48,25
31,25
45,24
46,25
47,25
49,24
46,24
48,23
54,22
45,23
43,23
49,23
44,23
50,24
43,24
47,25
46,23
38,23
44,24
33,22
34,23
30,24
41,23
38,23
39,21
40,22
39,23
40,24
37,23
37,24
38,24
36,23
31,22
30,22
31,23
31,24
30,25
38,25
52,24
46,23
51,23
53,24
52,25
41,25
49,24
46,25
54,0
55,1
58,2
53,3
57,4
55,5
61,6
55,7
54,8
55,9
55,10
54,11
59,12
52,13
52,14
55,15
54,16
52,17
54,18
61,19
59,20
57,21
56,22
54,23
53,22
58,23
60,24
53,24
51,23
51,23
44,24
49,24
53,25
43,24
48,24
41,23
41,22
41,22
37,21
38,22
38,22
34,22
35,23
37,24
38,24
39,25
52,24
49,25
35,25
27,25
46,25
37,25
44,25
47,25
46,25
54,25
29,24
30,25
41,24
50,24
46,24
40,25
36,25
40,24
42,24
52,23
48,23
43,23
48,24
54,24
39,24
48,21
48,21
46,22
46,23
48,23
45,23
47,23
57,22
57,23
56,24
50,24
49,24
43,24
55,24
46,22
43,21
37,21
48,22
49,22
48,22
56,23
55,24
52,24
47,24
38,23
35,24
53,22
52,22
48,22
55,23
46,23
51,22
51,22
43,20
46,21
44,22
48,21
48,21
47,22
50,22
48,23
49,22
45,22
45,23
47,23
50,24
32,24
49,24
35,24
39,24
37,24
49,22
37,20
41,21
40,21
46,21
46,21
37,21
44,21
43,22
37,23
42,22
45,22
41,21
42,20
41,20
40,21
42,21
39,20
43,20
45,21
46,21
41,22
44,22
41,21
45,19
38,19
42,19
32,19
40,17
37,17
42,18
41,18
41,19
36,19
35,20
40,21
39,21
38,22
37,20
43,19
44,20
40,20
39,20
44,20
41,21
37,21
34,21
36,22
36,23
42,21
37,20
43,21
40,20
43,21
43,21
45,22
38,21
37,21
39,22
41,22
37,21
40,21
43,21
41,22
45,22
42,22
40,22
45,23
43,24
33,24
42,24
30,24
38,23
34,21
31,21
32,22
31,21
33,22
30,23
29,23
30,24
35,24
39,23
41,24
26,23
30,24
37,24
27,24
34,24
28,23
28,24
38,23
41,23
43,23
44,22
46,22
42,23
46,22
47,22
46,23
41,24
46,24
44,23
44,24
47,23
42,22
44,23
42,23
43,23
42,24
32,24
29,24
39,24
28,24
45,23
41,24
26,23
27,23
25,24
47,24
46,24
46,23
39,22
40,23
44,24
25,24
49,24
28,23
28,23
26,22
31,22
33,22
35,22
31,22
28,22
28,23
31,22
34,23
29,23
33,23
29,24
43,23
44,22
41,22
43,21
43,22
40,22
45,22
45,22
42,23
39,23
38,21
40,21
41,22
38,22
45,22
41,22
41,22
42,23
54,21
53,21
51,22
48,21
49,21
41,21
49,21
46,21
43,20
43,21
46,21
48,22
44,22
41,22
44,21
44,19
42,19
44,20
45,21
42,21
44,21
41,21
41,22
46,23
43,22
37,22
38,22
43,22
36,23
40,23
36,22
40,22
40,21
40,22
43,22
42,22
42,22
39,23
42,24
33,24
43,23
43,23
44,23
43,24
43,24
46,0
50,1
46,2
37,3
45,4
52,5
41,6
52,7
38,8
41,9
45,10
49,11
41,12
45,13
46,14
40,15
46,16
49,17
43,18
43,19
51,20
50,21
47,22
52,23
51,24
46,24
27,24
26,24
24,23
24,24
37,23
48,23
32,22
38,22
34,23
43,23
33,23
40,23
34,23
40,23
32,22
43,20
45,17
44,16
44,16
51,16
46,17
44,18
45,19
52,18
48,19
42,19
37,20
49,20
42,20
45,20
50,20
38,20
41,21
39,21
43,20
50,21
51,21
48,22
39,21
50,21
37,20
48,21
48,21
56,21
37,22
47,22
50,20
46,21
47,18
52,18
39,19
51,18
51,19
43,19
43,20
50,21
43,21
41,21
38,22
51,23
34,23
41,22
37,23
48,23
35,23
37,22
39,21
39,21
41,18
35,19
39,19
41,20
34,20
41,20
36,20
34,20
36,21
38,20
38,21
37,21
43,22
36,22
36,22
35,21
35,21
36,20
34,21
40,20
33,21
36,22
41,22
40,23
42,23
41,23
40,23
51,23
35,23
29,23
42,20
38,21
50,21
44,21
43,20
37,19
39,19
40,20
40,21
43,21
48,19
42,20
39,20
43,20
41,20
41,21
40,22
38,22
39,22
40,23
43,22
39,23
40,22
38,22
40,23
37,22
35,23
27,22
26,22
26,22
26,23
38,22
36,23
36,22
43,23
42,23
38,23
37,23
36,22
33,21
35,22
37,21
41,22
32,22
41,23
25,23
33,23
26,23
42,22
40,22
42,21
39,22
37,22
41,22
36,21
38,19
43,20
46,19
38,19
40,18
41,18
39,17
40,17
38,15
29,14
32,15
29,16
41,17
30,17
37,16
26,17
40,18
35,17
35,16
38,16
38,17
37,18
34,18
31,19
27,19
46,19
44,19
40,19
44,19
45,19
38,19
43,20
42,20
40,20
44,21
35,21
44,22
44,21
42,20
45,21
38,21
44,18
42,17
37,17
41,16
42,16
41,17
43,18
43,19
43,20
41,21
45,20
38,20
38,19
38,20
39,20
37,20
43,20
41,20
37,17
39,18
39,18
37,19
38,19
38,20
38,21
40,20
38,20
41,20
36,20
38,20
36,19
36,19
35,20
37,20
35,20
42,20
38,21
41,22
34,21
35,22
34,23
41,0
42,1
43,2
45,3
45,4
47,5
44,6
49,7
34,8
44,9
38,10
37,11
36,12
34,13
49,14
37,15
35,16
44,17
42,18
44,19
44,20
46,21
46,22
34,22
29,21
30,21
42,21
39,21
40,21
47,21
37,20
38,21
38,22
35,23
40,23
37,23
34,20
34,21
36,20
35,21
38,22
36,22
36,22
35,23
37,22
36,23
45,23
35,23
39,22
38,23
42,23
45,22
46,22
40,23
24,23
30,23
25,23
36,22
40,22
36,23
35,23
30,23
35,23
43,23
47,0
42,1
44,2
47,3
46,4
47,5
42,6
42,7
47,8
41,9
46,10
42,11
42,12
44,13
46,14
44,15
43,16
40,17
44,18
41,19
43,20
43,21
41,20
40,21
41,22
40,22
41,22
39,22
41,23
36,21
37,21
37,22
35,22
38,23
41,23
34,22
32,23
32,23
49,23
41,23
34,23
35,21
35,22
34,23
41,22
44,18
43,18
35,19
35,20
36,19
38,20
39,21
35,22
35,21
36,22
35,23
32,22
27,23
37,23
46,23
35,23
28,23
24,23
37,23
39,23
35,22
34,22
33,22
32,23
36,23
42,23
46,20
42,21
45,20
36,20
43,19
43,19
40,18
39,18
36,17
36,17
39,13
34,13
35,14
34,13
33,13
32,13
41,9
37,10
42,8
41,8
39,9
42,9
42,10
40,10
40,11
42,12
43,12
44,11
45,12
44,12
42,13
40,14
46,15
44,16
43,16
40,17
42,18
46,18
41,19
43,19
45,18
40,19
45,19
44,20
39,19
42,19
38,19
41,19
44,18
41,16
41,16
40,17
40,17
39,16
38,17
37,17
43,16
36,16
36,17
44,18
37,18
41,18
46,18
37,19
35,18
39,19
41,16
36,17
38,18
50,17
42,18
41,19
34,19
42,20
38,20
40,20
39,20
46,20
41,20
45,21
40,21
43,21
42,20
45,21
41,22
40,22
40,20
43,20
44,20
46,21
38,21
40,21
39,21
43,22
35,21
35,22
49,0
45,1
46,2
50,3
48,4
40,5
45,6
50,7
49,8
40,9
44,10
43,11
49,12
46,13
44,14
46,15
43,16
43,17
45,18
48,19
43,19
44,19
47,18
45,16
42,16
43,17
42,17
41,16
42,17
42,17
38,17
38,18
47,18
39,19
47,19
47,19
40,20
42,20
42,19
39,19
47,19
35,16
36,16
41,17
37,16
34,17
37,16
41,16
43,16
45,16
38,14
43,13
35,14
40,13
43,14
40,15
37,12
37,12
40,12
46,13
40,14
45,14
48,15
46,15
40,16
44,17
37,16
48,16
38,16
41,17
47,18
33,18
46,18
36,18
40,19
36,19
37,19
37,18
39,19
39,18
40,19
42,20
38,20
41,20
42,21
32,22
40,22
40,22
39,22
32,22
34,22
37,22
40,21
42,21
42,21
42,21
38,21
45,21
37,22
39,22
33,21
40,19
39,20
40,20
41,20
37,20
40,21
40,21
38,22
32,22
33,22
39,22
43,22
36,21
32,19
40,20
34,18
31,17
40,18
34,18
33,13
35,13
34,14
34,13
32,14
35,14
35,15
34,13
31,12
32,13
33,13
33,12
34,13
38,13
36,13
35,14
38,14
41,13
40,14
41,12
41,13
42,14
46,14
41,12
41,11
41,11
40,12
39,12
41,12
38,12
38,13
37,13
38,13
40,14
39,15
39,14
41,15
39,16
38,17
38,17
41,18
40,18
42,17
44,17
40,17
40,16
43,16
43,17
38,18
35,18
42,14
41,14
38,15
40,16
41,17
42,16
35,17
35,17
33,18
34,16
36,16
37,17
36,17
37,18
35,19
39,19
35,20
39,18
33,18
33,19
34,15
37,15
34,16
30,12
34,13
30,10
32,10
38,11
33,10
36,11
33,12
31,13
39,14
38,13
42,14
44,13
42,13
43,13
42,14
40,13
44,13
43,14
46,14
43,14
44,15
47,15
48,14
42,15
45,15
46,15
42,16
42,16
44,16
42,17
39,17
38,18
41,19
38,17
37,17
36,17
34,18
34,19
37,20
36,21
33,20
39,21
36,22
37,22
34,22
40,22
41,22
47,21
43,18
49,18
44,17
37,12
41,12
45,13
38,14
44,14
43,15
43,15
38,12
38,12
40,12
41,13
39,14
40,15
41,16
40,16
39,17
40,16
42,17
44,18
40,19
39,20
44,20
38,20
43,19
42,20
50,20
45,21
43,20
48,21
36,20
35,21
35,22
36,22
45,0
43,1
44,2
49,3
41,4
45,5
48,6
44,7
43,8
47,9
47,10
51,11
50,12
50,13
55,14
46,15
54,16
43,17
54,18
44,19
47,19
52,20
46,21
40,21
48,21
46,21
43,21
43,21
40,21
42,21
47,22
46,0
48,1
48,2
46,3
43,4
41,5
46,6
47,7
51,8
50,9
47,10
44,11
51,12
47,13
51,14
49,15
48,16
47,17
45,18
48,19
47,20
49,19
51,19
49,19
49,19
52,20
49,21
38,20
44,20
38,19
44,19
47,19
36,18
47,18
35,18
40,18
45,18
45,19
43,19
43,20
44,20
42,21
36,20
43,21
44,20
42,19
40,19
41,19
41,19
40,19
39,20
40,19
38,17
37,18
40,19
39,19
39,20
38,21
40,20
44,21
40,21
47,21
31,0
51,1
37,2
46,3
47,4
47,5
35,6
49,7
34,8
49,9
31,10
36,11
48,12
49,13
48,14
36,15
46,16
47,17
46,18
47,19
38,19
29,19
40,19
37,19
44,18
48,18
47,19
43,18
42,19
41,19
41,17
40,17
42,18
38,18
38,19
39,20
40,20
39,21
37,21
41,20
40,20
49,18
46,18
49,18
44,19
45,19
48,19
38,20
44,21
39,20
38,18
37,16
44,16
35,13
34,13
39,14
43,15
35,14
37,12
36,12
36,12
37,10
34,11
38,12
36,13
33,14
33,15
35,15
39,16
34,17
36,16
33,17
37,16
35,15
44,15
37,16
44,17
42,18
44,17
40,16
42,14
42,13
38,13
42,14
42,13
46,13
41,13
41,13
44,13
41,14
41,15
43,15
40,15
38,16
38,17
39,17
44,17
39,18
43,17
38,17
37,17
34,17
36,17
34,17
32,17
31,17
33,17
38,18
40,17
39,18
41,18
36,17
36,12
39,12
39,12
36,11
41,12
40,10
37,9
38,10
40,11
36,12
38,13
36,14
36,15
37,15
39,15
39,15
36,16
39,16
39,17
43,18
37,18
34,16
35,16
34,17
40,18
35,19
38,20
36,20
36,20
34,20
35,20
34,20
31,19
28,19
25,16
34,16
35,15
38,13
24,12
41,12
42,12
36,12
38,12
39,12
43,11
35,11
41,11
43,12
44,12
42,13
40,14
44,14
40,15
42,16
42,16
44,16
40,17
41,18
41,18
48,18
41,18
41,19
40,19
38,19
42,20
43,19
41,20
45,20
39,20
38,20
33,20
36,18
35,19
38,19
35,19
35,19
40,19
35,20
37,20
34,19
34,19
32,19
32,20
44,19
40,17
40,16
42,17
43,18
41,17
41,18
46,17
38,17
41,18
41,18
42,17
45,18
42,19
41,19
39,20
38,20
41,19
41,19
38,19
31,18
34,18
34,18
37,18
35,17
31,16
35,17
28,17
32,18
33,18
30,18
29,18
29,19
34,19
38,18
37,18
41,19
41,18
42,19
43,20
31,18
26,16
28,17
39,15
27,15
34,15
27,15
34,14
26,14
36,14
39,12
33,12
38,13
37,13
35,14
33,13
32,13
27,13
36,13
35,14
30,15
28,16
41,16
39,16
40,17
37,18
33,19
25,19
34,19
41,18
37,19
40,19
38,20
34,19
34,19
36,18
30,18
31,19
39,19
29,18
29,18
39,19
31,17
32,18
40,15
33,16
37,17
37,17
38,18
42,18
39,19
27,18
38,16
37,16
36,17
35,17
34,17
37,17
36,17
27,17
28,18
34,19
28,19
26,19
35,19
40,19
38,19
31,19
30,20
38,19
38,19
35,18
32,18
36,18
38,19
45,18
37,19
45,20
44,20
45,20
44,21
37,21
38,21
40,21
38,22
36,19
35,19
41,19
42,20
33,21
35,21
39,19
38,20
40,20
45,21
39,19
44,19
31,20
41,19
39,19
46,19
36,19
43,19
36,19
42,20
36,20
32,20
39,19
34,19
31,19
39,20
38,19
47,19
44,19
31,19
42,19
39,19
33,18
35,18
35,18
44,17
45,16
34,14
41,12
39,11
31,11
36,12
30,13
37,13
33,14
37,14
36,15
38,16
35,15
35,16
34,16
35,16
37,17
35,17
33,17
31,18
39,18
33,18
32,19
36,20
35,20
36,21
34,21
41,21
32,19
30,18
34,18
32,16
39,16
36,17
30,18
40,18
39,19
39,17
41,14
39,14
39,15
41,15
37,15
39,16
39,16
31,16
40,14
38,15
41,15
36,15
35,16
36,16
34,17
35,18
40,18
43,19
34,19
41,18
36,19
44,20
44,20
41,20
39,16
41,17
43,18
40,18
41,15
42,15
33,14
32,14
40,14
41,15
39,15
35,16
39,16
36,17
42,18
38,18
34,19
41,19
42,19
43,20
42,20
45,18
43,19
43,18
44,19
44,19
43,19
45,20
46,20
44,19
33,18
35,17
39,16
36,15
36,15
40,16
38,16
38,15
37,16
36,16
35,17
37,17
34,18
31,18
34,18
34,18
35,18
39,18
34,18
37,17
34,18
44,17
44,18
39,18
39,15
47,15
48,16
49,17
44,18
38,18
42,17
44,17
45,17
36,17
40,16
40,17
40,17
33,17
39,17
37,17
36,17
33,17
38,18
36,18
37,17
35,18
38,18
32,19
39,19
37,18
35,18
38,19
35,19
38,19
34,20
41,20
40,21
34,21
27,19
30,20
29,21
34,21
36,21
35,21
31,20
39,20
32,20
35,21
40,19
36,19
40,18
35,19
37,19
39,20
42,20
35,20
35,19
40,19
38,20
39,20
38,21
39,20
34,20
44,19
38,20
31,20
35,19
39,18
39,18
39,19
39,18
36,17
36,17
33,17
34,18
39,18
39,18
42,17
38,17
38,18
38,17
40,18
40,19
37,19
36,20
41,20
37,20
39,20
40,20
40,19
39,18
31,17
28,18
35,18
32,18
28,19
29,19
30,20
39,20
40,21
34,19
31,20
36,19
33,20
34,21
34,20
30,21
34,21
27,21
37,20
37,21
28,20
30,20
28,21
38,20
40,20
37,19
35,19
38,19
37,20
35,20
37,20
38,20
36,18
35,18
35,19
34,19
38,19
32,18
31,19
32,17
36,17
37,18
32,19
33,18
33,19
36,15
37,16
33,17
39,16
38,15
37,16
37,17
38,18
38,17
37,18
37,18
38,18
36,19
35,20
31,20
37,19
30,19
39,20
39,20
31,21
36,19
32,19
40,20
38,21
33,21
41,21
29,21
41,19
33,19
33,20
33,17
35,17
32,18
34,18
32,17
34,18
34,16
27,17
33,17
32,18
34,18
31,17
28,17
30,17
30,15
27,16
31,16
29,15
28,15
34,16
34,16
26,16
31,16
34,16
33,16
29,17
37,16
33,17
34,18
32,19
30,19
32,20
36,20
32,20
29,20
36,19
32,19
35,17
25,17
28,15
23,15
29,15
32,12
31,8
30,9
30,10
35,10
35,11
30,12
32,11
38,10
38,11
38,12
36,12
38,12
42,13
32,14
44,15
42,16
45,17
43,15
40,16
44,16
44,17
40,18
37,18
43,18
41,19
42,18
41,18
42,19
43,20
41,20
44,20
33,21
38,21
32,19
30,18
30,19
29,19
31,19
28,20
33,20
27,21
37,20
29,21
41,21
36,21
43,21
40,21
44,22
30,21
31,22
35,20
32,21
35,22
25,22
38,22
36,21
37,21
36,21
27,22
35,22
32,21
27,21
33,19
31,19
32,20
31,19
31,20
32,20
30,21
32,21
31,22
33,20
35,20
31,21
38,22
32,22
33,21
33,21
35,22
41,22
36,22
24,22
39,21
35,22
39,22
38,21
36,22
39,21
38,22
37,21
39,20
44,21
37,20
43,21
41,21
41,21
39,20
45,20
39,21
37,21
42,20
38,18
33,16
37,13
38,12
35,10
39,11
40,10
38,10
43,11
37,12
38,10
37,10
39,10
38,11
40,11
38,12
37,13
39,14
42,15
35,14
37,14
40,15
36,16
43,16
40,16
39,17
40,17
34,17
39,18
43,17
30,17
41,14
30,15
38,14
37,13
36,14
44,14
42,13
44,14
40,14
41,14
42,15
41,15
40,16
40,16
35,16
37,15
38,16
39,17
39,17
30,18
34,18
36,17
34,18
34,18
36,19
36,18
37,18
37,19
34,20
32,21
35,21
36,22
37,21
37,21
39,21
33,21
38,22
39,21
35,20
35,21
39,21
35,21
39,20
39,18
39,17
36,18
42,19
40,17
39,18
40,17
39,16
33,17
33,17
39,18
32,18
31,19
32,20
33,21
33,21
37,22
40,22
39,21
42,22
30,22
35,21
26,22
33,21
37,22
40,22
45,0
49,1
41,2
45,3
50,4
46,5
45,6
42,7
42,8
47,9
47,10
44,11
41,12
43,13
44,14
48,15
42,16
39,17
47,18
41,18
47,18
45,18
46,19
44,19
45,19
45,20
47,20
42,19
41,20
51,20
50,21
50,21
45,20
38,20
49,20
43,19
49,20
45,21
39,22
32,21
29,22
37,21
37,21
36,20
33,21
33,21
36,21
41,21
35,21
33,21
40,21
34,20
37,19
35,19
38,20
37,20
34,21
37,20
38,21
39,20
42,20
38,18
30,17
41,18
38,18
37,18
41,18
38,19
37,19
38,20
30,21
38,21
38,22
41,22
29,21
34,21
33,22
39,21
35,22
27,22
42,21
42,22
40,21
33,20
37,19
37,20
36,20
36,20
34,20
36,21
38,21
36,21
38,21
35,20
41,19
36,19
34,19
39,20
38,19
33,18
32,17
31,17
36,17
32,17
34,18
39,18
33,19
34,20
32,20
30,21
32,19
34,20
36,21
38,21
34,20
36,20
36,20
33,20
34,21
38,21
37,18
40,18
39,19
36,19
34,19
39,20
36,21
34,20
38,19
35,19
35,19
42,18
38,19
35,19
34,19
32,19
36,19
32,19
37,20
32,18
35,19
33,19
38,19
32,20
31,20
31,20
35,21
33,20
32,20
36,20
32,21
35,18
34,18
35,18
42,19
42,19
41,20
39,20
37,20
41,21
38,21
32,20
35,20
37,18
37,19
36,19
35,20
37,19
38,18
37,19
37,14
34,14
35,15
37,11
32,12
34,12
37,13
36,13
35,13
35,12
39,13
34,12
38,12
39,13
38,14
34,15
38,16
36,16
35,16
36,17
34,18
36,17
33,18
29,17
34,18
33,18
32,18
29,19
36,18
44,18
41,19
35,19
37,19
27,19
30,19
32,18
32,19
34,19
36,20
37,20
31,20
40,19
44,19
41,18
36,18
38,14
42,14
44,15
37,15
45,16
42,15
37,16
44,16
34,16
36,14
39,15
39,15
39,16
40,16
40,17
34,17
42,17
38,18
43,19
29,19
42,19
40,17
31,18
42,16
42,17
42,17
39,16
45,16
40,15
36,15
43,16
40,16
39,17
46,17
44,17
38,17
43,16
31,13
41,14
35,15
32,15
34,14
33,15
36,15
40,16
40,16
37,16
43,16
40,16
34,17
39,18
35,18
35,19
41,19
40,20
41,20
35,20
38,18
38,18
35,19
42,20
35,20
37,20
33,20
33,20
33,18
34,18
34,19
35,20
32,19
34,20
33,20
37,20
33,19
42,19
42,20
43,19
29,17
31,17
30,17
30,18
32,19
37,16
38,17
38,18
28,18
36,18
39,18
30,19
33,19
31,19
29,20
38,19
38,17
36,17
35,18
33,18
31,18
34,19
34,20
32,20
38,18
32,18
39,18
39,19
34,19
37,18
31,18
36,18
38,15
40,15
34,13
28,14
33,14
34,14
30,14
27,15
33,15
30,16
31,16
29,17
30,18
30,18
27,19
29,19
39,19
36,18
37,19
34,19
39,18
39,19
38,20
35,18
38,18
35,19
34,19
32,17
39,17
40,18
34,19
38,19
33,19
32,19
38,20
33,19
34,20
35,18
33,19
34,18
39,18
37,18
36,18
37,19
40,19
34,20
37,20
33,17
36,18
37,19
30,17
35,18
34,17
34,17
37,15
33,16
36,16
32,16
29,15
29,16
31,16
30,16
32,17
30,18
27,19
29,19
34,19
38,19
34,20
34,20
37,20
33,20
39,19
35,20
40,20
36,20
38,19
36,19
37,17
40,18
39,18
44,17
43,18
39,18
37,19
34,19
36,18
32,16
34,17
38,17
31,17
32,17
35,17
37,18
33,19
30,19
31,20
32,19
36,20
37,20
37,21
36,21
30,21
36,20
37,21
37,21
34,20
32,19
37,19
31,18
34,19
36,20
30,20
33,19
32,19
32,19
32,19
40,19
33,19
33,19
30,19
30,19
36,19
37,20
30,19
36,19
31,19
34,19
33,19
32,19
32,20
28,19
29,20
35,19
31,18
32,16
36,17
33,18
32,19
39,16
40,17
39,17
37,17
35,18
38,18
34,18
34,18
35,18
38,19
36,18
35,19
32,18
37,17
39,17
36,18
35,19
33,20
41,19
38,20
35,20
39,20
43,19
42,19
33,18
35,18
41,18
42,18
36,19
42,20
34,21
34,21
32,21
35,20
29,19
28,17
28,18
29,18
33,18
34,19
28,20
37,20
26,19
33,19
30,20
30,20
35,20
43,20
41,18
36,18
41,19
34,19
37,19
39,20
39,20
37,21
38,20
40,20
35,20
37,20
36,19
36,20
38,20
34,21
36,19
38,18
37,17
35,17
36,18
35,18
35,19
39,20
34,20
34,21
36,20
34,19
33,19
31,19
31,16
31,16
32,14
30,15
29,15
41,14
40,15
32,14
37,14
36,14
34,15
41,15
37,14
38,13
34,13
37,12
32,13
40,13
39,13
36,14
34,14
35,15
36,16
38,17
33,18
36,17
35,17
33,18
36,18
40,19
36,20
34,21
39,21
37,19
38,20
34,21
40,22
29,21
33,22
33,22
32,21
31,22
41,22
42,21
31,22
30,21
31,21
27,21
30,21
27,21
27,22
33,22
31,21
27,22
35,21
42,21
42,19
41,19
44,19
41,20
43,19
42,20
33,21
41,21
41,20
46,21
39,21
38,21
34,20
43,17
39,17
36,18
40,17
40,17
40,18
38,18
43,17
37,18
43,17
38,17
37,18
39,18
39,18
42,19
39,20
35,20
36,20
37,20
35,19
34,17
32,18
40,16
36,17
39,16
37,17
39,17
39,14
36,14
39,15
38,16
37,15
37,16
35,17
37,14
31,13
30,11
27,11
31,12
35,12
35,12
28,13
27,13
34,12
36,13
35,11
39,12
30,13
33,12
39,10
43,9
43,10
40,10
42,11
43,11
37,12
36,13
37,14
37,14
39,15
41,15
37,16
34,17
37,17
40,17
44,18
42,17
40,15
40,15
42,16
41,16
38,17
43,18
42,18
39,19
40,19
39,19
39,20
38,20
41,21
39,22
36,22
43,21
45,19
36,19
33,19
36,20
38,20
35,21
37,21
36,21
42,18
42,16
49,16
41,17
49,17
49,18
48,19
41,19
43,17
41,17
41,18
42,19
36,17
40,17
38,18
40,18
42,19
39,20
35,19
40,20
37,20
42,19
39,19
40,20
37,19
41,20
37,21
33,21
35,20
40,21
39,21
33,21
40,21
37,21
39,22
35,19
28,20
41,20
37,20
35,21
36,21
26,22
31,22
24,22
31,21
36,22
22,22
33,21
45,20
50,19
49,20
47,21
38,21
37,21
48,21
40,20
38,0
39,1
38,2
40,3
43,4
38,5
39,6
41,7
43,8
43,9
35,10
41,11
40,12
39,13
37,14
38,15
41,16
38,17
42,18
40,19
39,20
45,18
42,19
41,20
37,20
38,20
46,20
41,20
43,19
42,19
42,20
41,18
46,19
43,19
38,19
41,17
40,18
40,16
39,17
40,18
38,17
40,18
42,19
42,19
34,18
40,16
38,15
40,14
41,14
40,15
43,15
36,15
41,15
38,16
40,16
38,15
35,15
37,14
38,12
35,13
34,14
32,14
33,15
35,16
41,16
40,17
43,18
35,19
40,19
38,19
45,20
44,18
36,18
34,19
41,20
44,19
42,17
37,18
43,19
36,18
35,19
36,19
40,20
39,20
40,21
42,21
47,21
37,18
32,19
35,20
38,21
35,20
42,20
49,19
47,20
41,20
44,18
44,17
43,18
41,18
41,18
42,18
40,18
41,19
39,20
43,18
40,18
39,19
38,20
42,19
37,20
39,19
36,20
38,20
38,20
42,20
38,21
36,20
34,21
35,20
32,19
34,18
36,19
34,19
37,18
39,19
36,18
31,18
34,18
37,19
32,19
33,20
34,20
32,20
41,19
42,19
30,19
37,18
33,18
42,17
38,18
45,18
36,17
38,17
33,17
34,16
40,16
38,16
42,17
33,17
40,18
38,19
38,20
39,21
33,20
39,20
35,20
39,20
36,20
36,21
42,21
31,20
32,18
28,18
25,18
25,19
25,20
34,20
29,15
29,12
31,13
31,13
29,13
28,13
31,7
34,8
34,9
35,10
34,10
39,11
35,12
34,11
34,12
32,12
41,13
35,14
40,13
42,13
43,14
37,15
38,16
38,17
39,17
37,17
39,18
38,18
36,18
35,19
38,19
39,19
36,19
38,19
37,17
41,16
44,17
42,18
42,18
34,17
35,16
37,17
34,17
38,18
42,17
31,17
36,17
38,15
31,15
32,14
36,14
31,14
30,14
35,15
35,15
34,15
35,15
34,15
36,16
32,16
36,15
37,15
38,15
42,14
27,15
35,14
40,13
35,12
38,11
31,11
31,12
36,12
41,10
35,11
35,12
42,12
43,12
42,13
37,14
42,15
41,14
46,15
45,15
37,14
37,15
45,16
39,16
41,17
40,18
39,19
40,19
40,18
40,19
36,18
33,16
30,17
35,17
32,18
32,18
34,17
41,17
37,17
34,18
38,18
34,16
30,16
38,15
31,16
31,17
30,18
33,18
33,17
36,17
32,18
32,18
33,18
33,17
33,17
27,17
27,18
41,17
34,17
29,18
25,18
27,19
30,20
29,20
28,20
28,21
40,20
31,17
34,18
32,18
32,18
32,18
32,19
33,18
31,19
34,18
32,18
32,19
33,19
37,18
31,18
36,18
32,18
33,18
32,19
34,19
38,15
40,14
36,14
39,15
38,15
36,16
35,16
33,15
39,15
39,14
39,15
35,15
35,15
36,15
39,13
41,13
33,14
33,15
38,16
34,17
38,18
39,19
33,19
33,19
39,18
37,19
37,18
37,17
32,17
33,18
35,19
31,19
30,19
32,18
31,19
29,19
33,19
31,20
35,20
42,20
38,19
33,20
36,17
38,17
39,16
39,17
38,18
35,17
33,15
31,13
39,12
38,12
44,12
37,13
41,13
40,14
42,15
32,15
35,14
42,13
35,13
43,14
36,14
41,14
39,15
42,15
35,16
42,16
34,17
51,16
36,17
38,16
37,16
47,15
44,15
45,16
39,17
42,16
35,16
39,16
41,15
42,16
42,17
42,14
38,15
38,14
40,15
41,15
38,16
40,16
40,16
37,17
39,18
38,19
39,19
36,19
36,20
36,20
35,21
33,21
41,21
39,21
46,20
38,19
38,20
31,20
37,20
31,20
40,20
34,19
38,20
30,20
34,20
37,17
35,18
36,18
35,19
35,19
43,19
36,19
36,20
39,19
29,18
33,18
40,19
40,18
28,18
32,19
36,20
29,20
39,20
38,20
40,20
29,19
28,20
33,21
38,21
42,21
35,21
43,21
39,18
37,18
37,18
39,13
39,13
32,14
31,14
40,15
33,15
35,14
27,14
33,14
31,14
31,14
30,15
28,15
39,14
34,15
40,15
32,16
35,16
42,16
39,12
38,10
36,10
37,11
35,12
37,13
37,14
33,13
33,13
34,13
33,13
32,13
37,13
36,14
36,15
33,15
44,15
42,15
43,16
50,17
47,17
44,17
46,18
36,19
37,19
46,20
42,20
36,20
46,16
35,17
44,15
41,16
43,17
37,16
44,17
42,17
45,17
42,18
39,18
43,19
42,20
42,21
40,20
34,20
35,20
27,20
33,19
31,19
36,18
30,18
36,19
36,18
35,18
35,17
34,17
37,18
32,17
31,18
33,17
34,17
31,18
35,17
36,17
27,17
33,16
33,16
35,16
32,16
33,17
32,17
33,16
40,14
30,15
31,16
36,16
30,16
34,17
26,16
29,16
42,17
30,17
34,17
34,17
34,18
34,16
33,17
35,17
35,17
39,17
37,17
43,17
35,16
36,17
39,16
35,17
44,16
43,16
33,17
35,16
42,16
40,16
41,17
36,17
39,16
37,17
38,17
38,17
39,17
41,18
45,17
45,17
46,18
37,19
37,19
45,20
45,20
45,21
38,18
38,17
39,17
37,18
41,19
42,19
37,20
40,19
40,19
38,19
38,19
40,18
36,19
38,19
37,17
40,18
32,18
36,18
40,19
38,19
40,20
35,20
35,19
27,19
36,19
37,18
34,19
38,17
37,18
38,19
37,18
37,18
33,17
38,17
32,16
32,17
38,18
35,16
35,16
28,16
33,15
30,13
32,13
25,14
32,13
33,14
29,13
30,14
31,15
35,14
33,13
31,13
33,14
33,15
30,15
31,16
25,16
30,17
29,15
28,16
30,17
26,17
25,17
29,15
25,16
25,17
31,15
24,15
35,11
33,11
33,10
34,10
27,9
30,9
35,9
28,10
29,11
32,11
29,12
28,13
30,13
38,13
31,14
33,13
33,14
33,15
33,16
32,16
33,17
31,17
35,16
35,14
34,15
37,15
38,16
33,17
32,17
31,16
31,17
41,17
32,18
39,19
33,19
33,18
33,19
36,20
31,18
33,18
35,18
29,18
30,19
32,20
37,20
32,20
29,20
31,20
30,20
33,20
29,19
31,18
31,19
31,19
34,19
34,18
29,18
25,18
29,18
26,19
31,19
33,20
36,20
29,18
33,18
32,18
34,19
27,17
26,18
27,17
30,17
25,18
28,18
34,18
31,18
36,18
27,18
30,18
32,16
25,17
29,18
33,11
33,12
34,8
31,9
36,7
34,6
40,6
44,7
36,8
43,9
38,10
39,11
42,11
36,12
42,13
43,14
47,15
36,15
43,16
47,17
37,18
37,17
47,17
42,18
45,19
40,19
44,20
24,19
50,18
45,19
33,18
32,18
29,17
35,16
39,16
27,15
30,16
27,15
32,14
33,13
32,13
31,14
35,15
31,15
38,16
34,16
24,16
35,16
42,15
38,15
29,14
29,15
22,15
30,14
31,15
31,16
34,16
36,17
36,18
40,18
35,19
46,19
41,18
33,19
45,15
33,15
41,16
36,15
43,16
41,17
32,18
42,19
41,19
22,18
28,18
41,19
35,19
35,19
30,17
32,17
39,16
38,17
36,17
32,17
33,18
33,19
34,19
34,19
37,20
35,21
31,20
34,20
40,20
37,20
37,18
36,18
41,17
39,17
35,16
33,16
33,17
32,15
37,15
36,15
37,16
35,15
39,16
38,15
37,16
34,16
40,17
40,18
39,18
37,18
34,17
40,17
36,18
44,17
46,17
33,17
35,16
42,16
33,17
44,18
39,19
39,19
33,19
42,16
43,17
33,16
39,17
33,17
46,17
43,18
36,18
37,17
44,16
42,16
43,17
43,18
45,19
38,19
44,18
43,18
42,19
42,18
41,17
39,18
44,19
45,19
42,19
41,20
36,20
34,19
41,19
34,19
33,18
34,18
32,19
40,18
33,16
34,16
34,17
34,16
32,17
36,17
35,18
34,19
31,19
29,18
29,19
33,19
28,19
41,19
29,19
34,17
35,18
35,18
34,18
32,18
32,14
38,13
39,13
40,13
38,13
38,9
28,10
30,10
35,11
36,11
30,12
36,12
34,12
34,13
32,14
33,15
33,14
36,15
33,14
38,15
46,15
42,16
44,17
33,18
34,19
46,17
43,18
44,19
44,18
39,18
44,17
42,16
44,15
39,15
38,15
47,15
37,16
36,17
47,17
47,18
48,19
46,16
46,17
42,16
41,17
40,17
41,18
37,17
38,16
41,16
40,15
43,16
44,16
40,17
41,18
43,19
42,20
41,20
36,19
36,19
35,20
34,20
36,21
34,21
41,20
39,21
43,21
33,21
33,21
33,21
38,21
45,21
36,21
31,21
31,18
32,19
31,20
30,20
34,20
33,21
45,21
40,20
35,19
40,20
45,20
43,21
34,21
39,20
34,19
36,20
33,20
36,21
38,21
32,20
29,19
25,20
31,20
32,20
38,21
32,21
33,21
29,19
30,20
30,19
30,19
30,18
39,15
42,14
36,15
38,16
39,15
44,16
43,17
41,17
41,17
42,16
41,17
40,18
30,17
30,16
34,16
31,16
28,16
38,16
39,17
38,17
29,17
41,17
43,18
39,18
39,19
36,19
34,16
36,17
37,18
35,17
35,18
29,19
35,20
44,20
27,20
38,20
28,19
26,19
40,18
29,17
28,15
30,16
39,15
38,16
38,16
34,17
31,17
29,16
29,17
32,17
30,17
28,16
32,17
35,16
26,17
35,17
35,18
28,16
41,13
31,12
40,12
33,13
38,11
37,12
37,13
33,12
35,11
38,11
38,12
32,13
35,14
37,14
37,14
36,15
34,14
35,15
31,15
36,16
36,17
32,18
42,18
31,18
35,18
41,18
31,16
33,17
39,17
39,18
42,19
31,19
37,18
35,19
40,19
41,18
33,19
30,17
31,17
34,18
32,19
33,16
37,17
33,17
37,18
41,18
36,19
38,20
32,21
32,21
24,21
36,21
35,19
39,20
31,18
31,19
32,20
34,19
41,19
31,16
30,17
35,17
36,17
34,18
30,18
31,17
30,17
32,18
36,19
32,19
32,18
34,18
32,18
28,19
31,19
34,19
29,19
29,19
33,20
30,20
28,21
37,20
28,21
40,21
43,21
31,21
36,21
29,21
36,21
35,21
40,19
36,20
39,20
38,21
33,21
46,20
35,21
29,21
36,21
36,19
35,20
32,20
37,20
40,19
35,20
38,20
35,20
40,21
36,20
32,20
31,20
37,20
39,19
36,18
38,19
39,18
37,19
36,19
30,19
47,18
41,17
32,16
35,14
39,14
34,14
41,15
39,15
42,16
39,15
42,16
33,17
39,17
36,18
42,19
42,18
34,18
37,16
34,16
34,17
33,17
40,17
32,18
39,18
36,17
35,18
33,17
33,18
38,19
34,19
33,19
34,18
35,18
33,19
32,19
38,19
31,19
29,17
29,16
30,17
30,16
34,16
34,16
34,17
37,18
37,17
31,18
36,19
38,19
41,17
34,17
38,15
41,15
41,15
40,14
40,13
43,14
41,14
43,15
40,15
43,15
40,14
40,15
40,16
37,15
36,15
40,15
39,16
39,17
36,18
39,19
41,19
43,20
37,20
43,21
31,21
30,21
37,20
43,21
30,20
34,20
37,21
31,21
32,21
36,20
30,20
30,20
30,20
33,20
28,20
34,19
31,19
31,20
40,20
34,19
33,20
31,20
31,19
28,19
29,19
34,18
29,19
27,19
30,18
36,19
34,18
36,18
28,18
31,18
33,18
30,19
30,19
35,19
28,18
29,19
27,18
32,19
33,18
36,18
41,18
32,19
26,19
30,19
30,19
30,18
30,16
31,15
26,14
26,15
29,15
27,15
28,14
24,14
26,15
26,14
26,13
25,14
29,15
27,15
24,15
27,15
25,16
23,16
24,17
27,17
25,18
40,18
28,17
27,17
25,16
26,13
26,14
26,14
25,14
25,15
24,15
23,15
25,15
28,15
24,16
25,15
26,15
26,16
26,16
26,16
26,15
29,15
22,14
28,14
23,14
27,14
27,14
25,14
31,14
28,14
27,14
27,12
28,13
27,14
28,15
26,15
26,16
26,16
24,16
24,17
25,15
26,15
32,15
28,15
31,15
27,16
33,16
33,17
32,17
36,18
36,18
34,19
32,16
39,17
37,18
31,19
33,18
28,18
31,18
30,17
32,17
35,17
37,18
37,19
37,19
32,19
34,20
32,20
34,20
32,20
36,19
36,19
36,20
35,20
36,19
35,20
31,20
36,20
34,20
35,20
35,21
33,21
42,20
43,20
43,20
41,20
40,20
37,20
35,21
28,21
31,21
35,20
34,21
38,19
34,20
36,21
31,20
36,20
31,21
44,18
41,18
34,19
37,19
42,19
39,20
38,20
44,21
40,20
30,20
35,21
30,21
41,21
38,21
30,21
33,21
37,21
29,21
35,20
34,21
47,20
44,20
40,20
36,19
30,19
37,19
27,18
29,17
32,18
32,18
31,19
44,19
27,19
36,19
32,20
42,18
44,18
42,19
40,20
30,19
40,17
40,17
45,17
43,18
40,19
42,17
41,17
45,17
41,18
30,17
29,16
34,17
39,16
39,17
38,16
39,16
41,16
41,16
40,17
39,17
40,18
39,18
33,17
29,18
41,18
38,18
39,19
32,20
32,20
28,20
31,20
31,21
33,21
40,21
37,20
32,20
33,21
23,20
35,13
33,12
33,11
32,12
25,10
32,10
30,10
34,8
29,9
39,9
33,10
30,11
30,12
40,13
32,14
26,15
32,16
32,17
37,15
28,16
23,17
27,17
26,17
37,16
28,17
37,17
34,16
28,17
39,18
32,19
33,20
32,19
28,18
27,18
27,17
37,18
29,17
30,15
27,16
29,17
38,17
28,16
26,15
27,16
29,16
35,17
27,16
28,16
34,16
38,16
32,16
33,16
32,16
36,17
30,17
29,18
32,18
32,19
36,19
37,20
36,20
37,20
35,20
39,20
26,20
38,19
36,20
28,20
36,21
25,21
40,20
41,20
39,21
30,21
33,21
37,21
35,21
30,20
32,18
32,18
39,18
42,19
32,17
33,18
41,15
40,16
38,16
36,17
34,17
34,17
34,17
44,17
46,17
32,18
48,17
43,17
47,17
44,17
38,17
37,18
33,19
49,19
33,19
34,19
41,19
48,18
42,18
40,17
36,17
37,16
47,15
45,15
43,16
45,16
41,17
40,17
44,18
45,19
39,19
37,20
38,20
43,20
38,19
36,19
39,20
37,21
33,21
28,20
24,20
27,21
26,20
24,21
31,21
30,21
30,21
33,19
41,18
39,19
39,19
35,20
42,20
38,21
37,21
40,21
34,21
28,21
42,21
33,20
37,21
31,19
33,19
33,20
32,18
33,19
37,19
36,19
29,18
34,19
29,20
32,20
32,20
30,19
33,20
28,18
29,17
31,16
25,17
32,15
31,15
32,15
26,15
33,15
26,16
31,16
30,16
31,17
33,18
35,18
24,19
30,19
34,20
28,21
41,21
38,21
35,21
40,21
35,20
37,21
31,21
36,21
34,19
38,18
37,18
39,19
35,19
34,20
34,21
33,21
37,19
39,17
33,18
32,18
30,18
30,18
30,19
38,20
38,20
36,21
33,21
42,21
35,20
35,21
28,21
32,21
26,21
23,21
34,21
34,21
29,21
39,21
32,17
35,18
40,17
39,18
32,16
29,17
30,17
30,18
28,18
28,18
33,18
37,19
32,19
33,18
32,19
31,20
34,19
35,19
34,20
32,20
31,21
32,21
36,21
35,20
31,20
31,21
40,20
38,21
40,21
29,20
30,19
31,19
33,20
43,19
44,19
42,19
39,18
40,19
28,17
32,16
38,16
42,15
43,15
39,16
40,16
37,17
40,17
43,17
36,17
35,18
34,18
37,19
40,19
32,20
36,20
30,20
45,20
34,19
29,19
31,20
38,20
32,18
37,17
26,16
32,17
31,17
31,18
31,19
39,19
37,20
29,20
31,21
45,0
40,1
40,2
37,3
43,4
44,5
37,6
47,7
40,8
43,9
45,10
41,11
46,12
46,13
39,14
44,15
37,16
43,17
36,18
46,19
36,20
49,19
33,19
41,18
42,19
42,20
43,20
44,20
40,20
38,19
40,19
42,20
41,21
29,21
32,21
36,21
36,21
41,20
36,21
32,20
39,21
39,20
31,21
34,20
34,19
35,20
32,20
37,21
32,21
35,20
38,20
35,20
35,21
31,21
35,21
35,21
33,21
36,21
28,21
37,20
34,20
36,19
33,20
36,19
36,19
36,19
34,18
36,19
36,20
33,18
37,18
35,18
35,18
35,17
36,16
35,15
34,16
34,15
37,14
39,14
36,15
36,15
36,16
34,16
39,15
33,15
37,15
32,16
38,17
35,17
36,17
36,17
44,17
33,17
28,14
30,14
33,15
29,15
32,15
29,15
29,15
36,16
28,16
38,16
27,17
35,16
41,17
35,18
41,17
33,17
36,18
28,19
38,20
40,19
43,18
38,19
46,19
36,20
31,19
25,20
41,20
23,19
35,17
37,18
37,18
32,19
29,20
40,19
33,17
32,17
32,17
35,18
44,18
29,18
37,18
33,19
42,19
38,19
41,19
39,19
36,20
41,19
42,20
37,19
30,20
35,20
39,19
35,19
35,19
36,18
35,18
34,19
35,18
34,19
28,18
35,18
34,17
39,18
35,18
35,19
34,19
41,19
36,17
37,17
37,18
35,19
32,18
33,18
33,18
29,18
39,17
39,17
37,18
39,19
40,19
33,20
32,20
33,19
34,20
34,20
36,20
37,19
35,19
32,19
32,18
34,19
24,18
35,17
35,18
38,18
34,17
30,16
34,16
31,15
34,16
28,17
35,17
34,17
34,17
33,17
38,17
32,18
32,17
32,18
34,18
33,19
31,17
32,17
34,18
33,19
30,19
32,19
29,20
40,19
39,18
35,18
39,19
34,19
31,18
33,18
41,18
34,18
36,17
35,18
36,18
36,17
36,18
35,17
37,17
38,18
39,18
36,18
35,19
38,18
38,18
38,19
35,20
34,20
30,19
33,19
29,18
28,18
39,19
31,18
34,18
35,18
33,17
34,17
34,17
37,18
32,14
31,13
35,13
30,14
29,14
36,15
32,11
33,12
33,13
35,13
38,14
35,14
34,13
34,14
35,14
34,15
35,16
37,16
37,13
36,13
36,14
38,15
39,16
39,15
41,15
37,16
45,16
30,16
34,16
40,14
37,14
38,14
30,14
33,15
33,16
30,16
34,17
31,17
35,16
32,16
43,16
42,16
36,17
36,18
37,19
36,19
37,20
39,20
36,18
36,18
38,18
34,17
35,18
35,19
38,20
34,20
35,21
34,21
35,21
30,21
36,21
36,20
34,19
46,19
33,20
40,20
31,19
31,20
30,19
32,20
35,20
29,21
43,20
40,21
23,21
22,21
44,20
43,19
42,17
38,18
41,19
38,20
42,19
37,20
41,21
39,21
38,21
28,21
36,17
32,17
32,18
35,19
33,19
34,19
33,20
32,20
31,19
34,20
31,21
30,20
32,20
30,21
35,20
31,20
31,21
33,21
36,21
36,21
25,21
36,21
26,21
30,21
29,21
28,20
28,20
27,21
39,20
47,20
39,19
36,20
37,20
40,20
41,20
41,21
43,21
36,21
35,20
39,19
42,20
34,21
26,18
30,19
28,19
32,20
28,20
28,20
31,20
35,19
35,19
34,20
35,21
29,21
32,20
28,21
32,21
41,20
40,21
31,21
36,0
31,1
32,2
39,3
29,4
41,5
32,6
38,7
38,8
40,9
30,10
33,11
40,12
35,13
40,14
38,15
32,16
45,17
40,18
42,19
42,20
29,20
39,21
36,20
37,20
36,20
37,19
35,20
32,19
28,20
36,20
32,19
28,19
36,18
35,19
33,20
40,19
37,20
36,20
31,20
37,19
35,18
35,18
36,19
33,20
38,20
35,19
34,19
37,18
33,18
35,16
37,16
39,17
33,17
33,17
35,18
38,17
39,17
30,17
31,17
37,16
33,16
31,17
32,17
35,17
35,18
32,17
29,16
31,17
30,16
43,16
30,16
36,16
36,15
33,16
37,16
39,16
38,17
33,15
26,16
26,17
37,17
38,17
38,17
34,17
30,18
33,18
41,18
37,19
40,19
25,18
29,17
29,18
30,19
29,18
29,19
31,19
25,20
33,20
25,21
36,20
36,21
32,21
38,21
30,21
31,21
33,21
27,21
38,20
35,20
38,21
40,21
33,18
37,19
40,20
34,19
36,20
37,20
34,20
31,19
39,20
36,20
31,20
36,20
35,20
37,20
34,18
35,18
32,18
38,18
31,18
32,19
41,19
31,15
32,16
34,16
32,17
32,17
30,17
35,17
36,17
36,18
34,19
30,19
35,19
30,20
39,19
34,20
33,19
37,19
37,20
36,19
36,20
35,20
38,20
33,18
33,19
36,19
29,19
33,19
33,20
29,21
27,21
28,21
24,19
23,19
22,19
22,20
22,21
37,20
33,20
32,21
30,21
36,21
33,21
30,21
33,21
25,20
24,20
24,18
37,19
34,17
38,16
28,17
31,18
35,18
29,18
29,18
35,18
36,19
32,17
32,18
30,19
32,19
32,20
23,20
30,20
23,20
23,21
26,20
29,20
26,21
23,21
26,21
33,19
32,19
31,19
33,18
27,19
27,20
37,20
33,19
29,20
38,19
33,19
42,18
37,19
38,17
34,17
31,18
36,17
37,17
25,17
33,15
24,14
27,13
26,14
24,14
29,15
29,16
28,16
27,17
28,18
29,18
28,19
27,19
25,19
26,19
23,19
25,20
25,20
24,21
21,21
21,21
37,20
42,20
38,20
39,20
36,20
32,20
29,18
33,17
36,17
35,17
35,18
32,19
33,20
36,20
41,20
33,20
38,20
36,20
33,20
29,20
31,19
32,19
37,19
33,20
34,20
37,20
32,20
44,20
36,17
35,17
30,18
31,17
31,16
31,17
32,18
31,18
30,17
30,18
32,18
32,19
32,19
34,19
35,18
34,18
34,17
34,18
30,17
33,17
30,17
34,17
37,15
37,15
34,16
33,15
32,15
34,16
39,15
36,16
35,17
35,16
34,15
41,14
37,15
36,15
35,16
43,16
37,17
37,18
42,18
40,18
39,19
35,19
36,19
29,20
33,18
33,18
33,19
34,20
39,20
36,20
31,20
31,20
40,20
34,18
33,18
33,18
30,18
31,19
36,18
30,19
35,19
36,19
32,20
33,19
39,19
28,20
37,20
40,20
39,19
38,19
42,20
35,20
29,20
28,20
36,20
26,19
24,18
25,19
24,20
30,19
30,19
29,20
30,18
36,19
33,19
40,20
35,19
36,18
31,18
30,18
31,18
31,19
36,18
34,18
39,18
30,17
36,18
31,19
33,19
35,20
33,19
31,19
36,18
29,18
31,18
32,19
27,20
36,20
35,19
37,19
31,18
31,18
30,18
29,19
36,17
34,17
36,18
38,18
38,19
34,17
34,18
29,18
34,18
33,19
32,19
33,18
28,18
33,17
32,17
39,17
26,17
29,18
28,18
26,19
29,18
36,18
34,18
36,19
39,18
29,19
33,18
35,18
37,17
36,15
34,13
35,14
34,15
34,16
36,17
36,17
35,17
35,17
35,18
36,15
37,15
36,16
40,17
37,17
37,17
37,18
36,18
37,18
35,19
36,20
36,20
34,19
33,19
33,20
30,20
44,0
43,1
38,2
39,3
38,4
37,5
40,6
38,7
42,8
42,9
39,10
39,11
43,12
38,13
38,14
39,15
39,16
42,17
39,18
41,19
38,20
38,20
34,20
26,20
33,20
28,20
36,20
33,20
35,20
26,20
32,20
32,20
39,19
29,14
27,15
30,15
32,15
33,15
28,16
28,16
27,16
25,16
34,16
29,17
27,18
24,17
27,18
30,17
33,18
33,17
32,16
35,16
32,17
35,17
30,17
25,17
34,18
33,17
37,18
32,17
32,18
29,18
31,17
32,17
34,18
34,16
30,16
35,16
32,16
29,15
31,14
33,14
28,14
27,14
33,14
36,14
31,15
32,16
35,16
33,15
38,15
29,15
35,16
29,16
35,17
32,16
32,16
31,17
30,17
31,16
32,16
32,17
39,17
31,18
38,18
32,18
32,19
38,19
39,19
36,18
36,19
34,17
32,15
35,15
37,15
36,15
33,16
36,15
36,16
37,17
29,15
31,16
31,17
29,17
34,18
33,18
31,19
34,20
41,20
30,19
34,18
32,17
34,18
31,19
42,18
37,18
30,19
37,18
37,18
34,18
32,18
37,18
33,18
37,19
27,19
29,18
28,15
25,16
28,16
35,16
28,16
34,17
24,17
26,17
31,17
24,18
31,18
34,18
30,19
34,18
36,19
32,20
35,20
33,19
26,19
30,18
34,18
33,16
27,17
26,17
26,18
26,18
31,18
28,18
32,18
29,18
36,18
37,18
31,18
34,18
27,15
27,13
35,14
28,14
37,14
37,15
36,15
37,15
31,15
30,15
35,15
38,15
34,13
34,14
32,14
38,15
33,16
37,16
39,15
40,16
41,17
42,17
42,18
30,17
45,17
40,18
34,17
29,17
34,18
31,18
28,18
28,18
33,19
30,19
29,20
30,18
31,19
30,19
37,19
34,17
34,17
31,17
29,18
33,19
30,17
31,18
38,19
30,19
35,19
35,19
33,19
27,18
27,19
25,19
27,19
27,20
33,20
38,19
42,20
34,20
41,19
36,20
34,20
38,20
37,20
33,19
30,19
30,18
31,19
28,19
29,19
30,19
34,19
33,19
29,18
28,18
28,18
26,18
29,18
25,17
28,17
32,17
32,17
31,16
29,16
30,17
29,16
28,16
26,17
31,17
30,15
24,15
27,15
24,16
28,16
26,17
28,18
23,18
28,18
27,18
26,18
27,19
40,17
35,17
30,15
24,16
24,15
25,16
24,17
29,17
40,17
38,18
26,18
26,18
30,17
41,18
36,18
27,17
32,16
31,16
36,16
31,17
34,17
36,18
34,16
34,16
39,16
36,17
38,17
31,17
36,18
36,18
45,18
33,19
38,20
35,20
42,20
27,20
34,20
37,18
33,18
45,18
30,17
41,18
33,18
44,19
30,19
37,19
41,19
41,19
42,19
31,20
36,18
34,18
33,17
31,18
39,18
29,19
34,19
40,15
35,15
33,16
30,15
41,16
37,15
33,16
39,16
41,15
31,15
38,14
37,14
37,14
37,14
36,15
39,15
37,14
37,15
37,15
38,15
36,15
43,14
42,15
35,16
43,16
34,17
37,15
39,16
44,17
42,18
44,17
36,18
36,17
40,17
40,17
36,16
30,17
30,17
35,17
30,17
36,17
35,18
36,18
36,19
37,18
35,19
40,20
35,20
36,20
32,19
23,20
42,12
39,11
39,12
41,13
36,13
39,13
34,10
37,11
35,11
34,12
35,12
34,12
31,12
31,13
31,13
29,14
29,15
29,16
30,17
28,18
30,19
27,19
28,20
35,20
24,19
23,20
28,18
29,18
34,16
36,16
34,16
30,17
34,18
36,18
32,18
30,18
28,19
32,20
32,20
30,19
30,20
29,20
35,18
32,18
30,19
33,18
27,19
30,18
40,19
33,19
34,19
30,19
25,20
30,19
31,19
42,18
32,19
30,17
35,17
31,18
34,18
32,18
34,18
36,19
37,20
30,20
25,20
42,20
22,20
33,20
29,20
25,20
40,20
36,19
29,19
31,19
33,19
34,18
33,18
31,18
34,19
36,18
35,18
34,19
26,19
37,17
36,18
33,19
29,18
28,19
36,19
35,19
37,0
40,1
38,2
43,3
44,4
40,5
42,6
36,7
43,8
42,9
42,10
44,11
39,12
40,13
40,14
40,15
34,16
39,16
40,15
38,16
36,17
38,16
42,17
40,16
40,17
38,17
42,18
40,19
35,19
36,19
30,19
32,19
40,19
39,19
34,18
30,17
29,17
29,17
28,18
29,18
32,12
30,12
33,13
32,14
33,15
30,15
31,15
29,16
33,16
29,16
29,17
29,17
32,18
36,19
27,18
33,18
29,18
33,16
35,15
37,14
36,14
31,14
35,14
32,14
33,11
29,11
35,12
32,12
28,13
30,14
33,14
30,14
31,14
31,15
30,16
29,16
38,17
30,18
41,18
38,19
38,19
34,18
25,17
32,15
34,16
32,16
35,17
30,17
29,17
31,17
30,15
28,16
35,15
37,14
39,15
25,11
25,11
28,12
29,13
25,14
26,14
28,13
36,12
33,13
35,13
28,14
31,14
36,15
33,16
29,15
30,16
37,16
33,15
37,14
35,15
34,16
36,17
34,17
31,17
35,18
36,18
37,17
25,17
33,16
31,16
31,16
28,15
30,16
33,17
38,16
32,16
37,16
39,15
30,15
30,15
30,16
29,17
29,17
38,18
29,17
26,18
24,19
35,18
27,19
30,20
26,19
30,20
32,20
24,20
33,19
33,20
21,20
40,20
35,19
37,20
31,20
29,20
36,20
34,20
33,18
33,19
33,19
36,19
34,20
33,19
35,20
29,20
35,20
38,18
37,19
37,19
36,19
36,17
37,17
37,18
32,18
37,18
35,18
37,18
36,18
34,19
37,20
31,19
33,20
27,20
33,19
28,20
38,20
38,19
36,19
40,19
35,20
32,18
33,19
32,18
38,18
37,17
30,18
29,18
27,17
35,18
29,19
26,19
31,19
34,18
32,19
30,20
38,20
27,20
35,20
36,0
39,1
39,2
41,3
36,4
36,5
39,6
38,7
37,8
36,9
37,10
38,11
38,12
38,13
37,14
37,15
37,16
40,17
36,18
38,19
38,20
37,20
27,20
33,20
28,20
33,19
31,19
33,20
26,20
32,20
29,20
33,20
28,19
27,20
31,20
31,19
34,20
30,20
38,20
24,20
27,20
30,20
31,20
38,0
43,1
42,2
39,3
41,4
38,5
38,6
42,7
41,8
39,9
40,10
41,11
41,12
41,13
40,14
39,15
41,16
39,17
38,18
39,19
40,19
43,18
39,18
39,19
39,19
37,18
38,18
35,19
42,19
45,19
41,19
36,20
27,20
43,19
35,20
24,20
22,20
32,19
27,19
36,18
31,19
41,17
31,17
27,18
29,17
28,17
28,18
28,19
27,20
26,18
25,19
28,18
26,19
25,19
29,19
27,19
29,18
29,19
27,20
37,19
36,19
38,19
32,20
35,20
28,19
27,19
25,20
25,20
26,20
30,19
29,19
32,20
28,20
36,20
31,20
28,19
27,20
22,20
23,20
23,20
38,20
35,18
32,19
38,18
35,19
35,19
31,20
20,20
20,20
20,20
34,19
37,19
33,17
31,17
37,18
38,18
34,18
32,19
34,19
31,19
30,19
33,18
39,18
27,16
30,17
30,18
32,18
32,17
31,16
30,17
29,17
35,17
32,16
35,16
33,16
34,15
36,14
37,15
31,12
33,12
36,12
38,11
34,12
35,12
36,12
30,13
32,14
36,13
34,13
34,14
35,15
36,14
38,15
39,16
35,17
39,15
35,16
38,16
36,17
37,17
36,17
42,16
37,16
32,15
30,16
37,16
35,17
38,15
42,15
37,16
36,17
31,16
31,16
35,16
38,16
36,17
35,18
38,18
32,17
32,17
35,17
35,17
37,18
30,18
34,18
33,19
34,18
36,18
32,17
37,17
34,18
35,18
32,17
32,18
32,18
31,17
36,17
31,17
31,18
34,19
30,19
37,18
37,18
32,19
30,19
42,19
31,18
32,19
31,19
37,19
30,18
34,19
33,18
32,17
31,17
31,17
33,17
27,18
31,18
28,19
36,19
39,19
33,19
31,19
30,19
30,19
29,19
30,19
27,19
33,19
30,18
30,18
34,17
31,18
33,18
32,18
33,19
32,19
32,18
32,19
38,19
32,17
31,15
32,15
36,15
31,16
30,15
34,14
35,11
30,12
31,12
36,11
31,10
27,11
29,11
26,12
35,12
32,13
30,14
26,15
32,15
30,16
29,17
30,18
29,19
32,18
33,18
31,16
30,15
30,16
30,15
30,16
28,17
30,18
28,19
27,19
25,19
27,18
26,18
26,19
28,19
33,19
28,19
40,19
41,18
34,19
32,19
37,16
33,16
31,17
37,17
35,15
35,15
36,15
32,15
35,16
32,16
34,17
35,18
33,19
30,19
24,19
28,19
24,19
32,18
29,19
38,19
30,19
39,18
33,19
33,19
38,19
29,19
27,19
29,18
27,19
33,18
33,18
36,18
35,18
34,19
30,18
31,18
37,16
35,16
39,17
33,18
35,17
32,17
37,17
30,17
37,17
28,18
36,18
24,17
30,17
29,18
30,19
22,18
24,19
31,16
29,17
27,17
26,18
29,18
24,18
30,17
26,18
30,17
30,18
37,18
37,18
32,18
33,19
32,19
25,19
32,19
30,19
39,19
29,19
32,18
29,18
31,19
30,18
37,18
38,18
37,18
41,18
37,18
27,19
26,19
33,19
33,19
32,19
37,19
30,18
32,18
33,18
32,19
30,19
30,18
27,18
29,18
26,18
26,19
34,19
30,19
37,19
33,19
35,18
31,18
32,18
30,19
33,16
30,16
31,17
33,17
34,15
29,14
27,14
33,15
29,15
22,16
31,16
26,17
26,16
28,15
23,13
34,14
28,15
30,14
29,12
28,12
23,13
26,12
26,13
27,8
27,8
26,9
28,10
33,9
32,10
31,10
31,11
28,12
34,12
37,10
35,11
34,11
34,11
31,12
31,13
30,14
31,14
34,13
43,13
43,14
29,12
33,13
32,14
36,14
36,14
35,15
38,16
36,16
34,17
38,16
29,17
35,15
34,14
36,15
33,16
33,15
32,16
33,15
32,14
34,15
36,16
34,16
39,16
30,17
30,17
34,17
30,16
33,16
32,15
31,16
35,16
38,15
25,14
25,14
25,13
33,13
24,13
31,13
28,14
30,15
27,14
25,15
24,15
26,15
34,15
36,15
30,15
25,14
33,11
34,12
34,13
32,14
31,14
26,13
35,14
37,14
34,14
34,14
37,15
25,16
33,16
29,14
34,14
31,15
33,16
38,15
31,16
36,16
33,14
39,14
41,14
27,15
27,15
39,16
38,16
35,16
33,17
37,16
29,14
43,12
37,13
32,14
37,15
37,15
40,15
38,15
31,16
31,15
42,15
42,16
30,17
37,17
41,18
40,18
37,19
38,19
25,19
34,19
27,18
29,18
33,19
42,19
29,18
28,18
31,17
32,17
33,16
29,17
28,18
32,18
29,19
31,19
30,19
37,18
36,19
36,19
32,19
26,18
25,19
32,19
32,18
31,19
27,17
26,17
32,17
26,17
26,18
33,18
29,17
30,18
28,18
31,18
29,18
33,18
30,17
31,16
29,17
30,16
30,17
30,18
29,19
25,19
24,19
34,18
31,19
30,17
33,18
26,18
34,16
25,16
28,16
29,16
32,16
32,15
30,16
29,15
28,16
30,17
28,17
30,17
28,18
31,18
29,17
31,18
29,18
31,18
28,19
30,19
27,19
35,19
29,19
26,19
28,19
33,19
33,19
29,19
30,19
36,17
38,18
39,19
35,19
29,19
31,18
31,19
40,19
40,19
34,19
36,18
28,18
38,18
30,16
26,16
33,16
31,17
33,16
30,16
30,16
31,17
32,17
32,18
27,19
33,19
34,19
30,18
34,19
34,18
35,17
33,18
32,18
32,19
31,18
30,19
36,19
25,18
26,16
25,15
25,16
34,14
30,14
34,12
30,12
32,13
28,12
32,13
30,12
33,13
33,13
36,13
37,12
32,13
38,13
36,14
36,15
36,15
32,15
42,16
30,16
33,16
27,16
29,17
34,16
30,16
25,15
29,15
30,12
32,13
31,13
28,13
26,14
28,14
27,14
28,14
30,15
27,15
30,15
27,15
25,16
28,16
28,16
24,17
28,17
32,18
30,18
35,19
37,0
34,1
35,2
35,3
34,4
34,5
36,6
35,7
36,8
34,9
39,10
36,11
35,12
33,13
36,14
36,15
34,16
35,17
35,17
32,16
34,16
32,15
29,15
30,15
32,14
32,15
35,14
32,15
34,16
34,16
30,14
26,14
28,12
29,12
28,13
29,13
29,13
29,11
30,12
35,11
34,12
33,11
32,12
34,13
33,13
33,13
32,13
31,14
35,15
30,15
30,16
37,15
36,15
36,16
40,17
40,17
39,18
35,18
34,19
32,19
30,19
23,19
31,19
29,19
27,17
29,17
27,18
30,18
28,19
32,18
35,18
30,18
33,19
24,19
29,19
23,19
34,18
31,14
34,13
32,14
32,15
32,16
29,15
27,15
31,16
30,13
31,13
30,13
32,13
26,12
28,13
27,13
31,13
27,14
35,14
34,15
29,16
30,14
37,13
37,14
37,15
35,14
36,11
37,10
36,10
34,11
38,11
36,12
32,12
35,12
34,13
34,13
33,14
32,15
34,16
31,13
32,14
32,15
29,16
32,16
30,17
35,16
31,16
31,17
30,17
31,15
33,15
32,11
31,10
27,8
29,6
25,7
30,8
27,9
29,10
29,11
27,12
38,11
28,12
38,12
37,13
40,12
29,12
36,13
40,13
39,14
37,15
35,16
36,16
35,13
39,13
37,13
36,14
37,15
33,15
34,16
36,17
35,18
34,18
32,18
31,19
30,19
29,18
27,18
26,18
27,18
25,19
33,17
32,17
34,17
33,18
33,19
23,18
23,18
23,18
21,18
21,19
40,17
42,17
33,17
41,17
39,16
39,17
39,16
37,15
37,15
38,16
38,17
41,17
34,16
35,14
36,14
33,15
38,15
37,16
35,16
32,17
30,15
28,16
27,17
27,14
25,13
26,14
25,15
32,15
27,16
30,16
36,15
32,15
36,16
38,17
39,17
24,17
23,16
25,15
30,16
38,16
20,16
24,17
35,18
24,18
35,18
30,18
36,18
31,19
32,19
35,19
30,19
26,18
26,17
21,16
22,17
22,18
21,18
21,19
30,18
27,18
23,19
34,19
34,18
34,18
32,17
35,17
37,15
31,15
33,16
32,16
31,16
38,16
35,16
31,17
30,16
32,16
31,17
30,17
35,18
30,18
31,18
31,19
25,19
27,19
27,19
34,18
30,19
37,0
32,1
33,2
39,3
37,4
41,5
39,6
33,7
41,8
37,9
35,10
34,11
37,12
40,13
37,14
39,15
39,15
35,16
36,15
31,15
34,15
28,15
33,16
28,16
35,15
33,15
36,12
32,11
29,10
33,11
32,11
32,12
34,12
36,11
33,12
36,10
34,11
37,12
39,13
34,13
36,13
36,14
37,14
34,15
35,15
35,16
35,17
32,14
39,14
36,15
39,16
36,17
38,18
37,18
33,19
27,18
27,19
30,19
28,18
27,19
24,19
37,19
30,19
41,17
38,18
35,16
32,14
42,14
41,15
30,16
37,17
38,15
37,16
36,16
37,15
38,15
35,15
33,15
33,15
34,16
32,17
33,17
32,18
29,17
33,17
30,17
32,17
31,18
31,17
26,15
23,15
22,16
21,16
25,17
22,18
21,19
27,19
35,19
35,18
25,16
29,16
27,17
30,1
31,1
40,2
34,3
32,4
30,5
35,6
43,7
43,8
46,9
38,10
31,11
37,12
31,13
36,14
40,14
33,15
40,16
29,16
29,17
31,16
33,16
31,17
39,16
37,17
26,16
30,16
28,16
42,15
28,16
31,16
41,17
29,18
34,18
32,18
29,17
31,17
33,18
29,18
28,16
34,17
30,18
36,18
29,18
40,18
37,17
37,17
43,17
42,18
35,19
25,19
30,19
36,18
41,18
38,16
40,17
33,18
38,18
37,17
37,17
34,18
36,18
31,17
34,17
28,17
29,17
29,17
36,17
31,18
36,19
29,19
30,18
34,19
25,19
22,19
27,19
31,18
32,19
37,17
34,17
36,17
35,17
38,18
34,19
31,17
36,16
32,16
33,17
33,16
32,16
30,15
31,15
31,15
29,15
31,14
30,14
32,15
29,16
29,17
28,17
28,15
30,16
30,16
32,15
31,16
23,16
31,13
35,11
33,11
32,12
30,12
31,8
31,9
37,9
32,10
30,10
27,11
35,11
35,11
33,11
33,12
33,13
32,12
31,12
32,13
32,14
31,13
28,14
29,13
29,14
26,14
28,14
30,15
29,16
29,17
28,18
28,17
31,18
29,18
32,17
32,17
29,17
27,16
30,16
24,16
26,17
26,18
24,17
25,17
23,17
23,18
28,18
32,18
32,17
33,16
29,15
27,14
29,15
30,13
30,13
26,11
28,12
27,13
26,14
34,14
31,14
27,10
30,11
29,12
29,12
29,13
27,14
27,14
29,14
27,13
27,13
30,14
27,14
27,14
26,14
24,14
29,14
28,15
28,15
33,15
27,14
28,14
27,15
28,15
30,15
28,13
34,13
34,11
27,11
35,12
33,13
34,12
33,13
29,14
29,15
28,14
33,15
29,16
30,15
31,15
31,16
29,17
31,15
28,16
33,17
31,18
39,19
31,19
35,18
36,15
32,16
34,16
31,16
34,15
33,15
33,15
32,15
32,16
35,17
31,16
31,17
35,17
32,17
36,18
31,19
36,17
42,18
33,18
30,19
26,17
30,18
26,19
24,19
22,18
21,18
22,17
21,17
20,17
20,18
20,19
29,18
28,19
32,19
28,18
23,19
27,19
30,18
32,19
31,19
28,19
34,18
33,18
39,18
38,18
33,18
38,19
25,17
24,18
25,19
24,16
25,16
21,17
23,18
21,18
24,19
20,19
20,19
30,17
32,18
31,19
20,19
32,19
28,19
25,17
25,18
24,18
21,18
22,18
22,19
24,19
21,19
24,18
24,17
28,17
30,17
26,16
28,16
26,16
27,17
27,18
22,18
20,18
20,19
38,18
28,17
28,15
29,16
32,16
30,16
29,16
29,17
31,18
35,18
38,18
27,16
36,15
32,16
32,16
33,16
25,17
31,17
31,18
32,18
34,17
33,17
32,17
32,16
32,15
34,15
34,15
35,15
32,15
36,16
35,16
33,16
31,16
33,17
32,17
32,17
32,18
29,18
30,18
29,19
30,17
42,16
35,15
31,16
31,17
37,17
33,14
37,15
36,16
31,16
31,16
31,17
29,16
29,17
31,16
26,16
37,16
29,16
27,16
28,16
27,17
27,18
26,17
24,18
31,18
29,18
35,19
21,19
29,18
22,18
26,18
26,18
26,18
21,14
21,15
21,16
20,16
20,17
20,18
20,19
19,19
20,18
20,18
19,19
19,19
30,18
26,19
19,19
25,19
25,18
23,18
22,16
21,17
19,16
19,17
19,18
19,19
29,19
20,19
19,19
33,17
31,17
34,17
32,17
32,17
32,18
34,17
34,18
32,18
37,18
33,18
24,18
30,17
31,17
30,17
30,17
30,18
35,18
30,17
29,17
26,16
24,17
30,18
33,16
29,16
28,15
39,15
26,13
32,14
34,13
30,12
33,13
35,13
34,13
29,12
33,11
28,12
27,12
27,12
28,13
30,14
30,15
28,16
30,16
30,17
29,17
28,18
32,18
24,18
31,18
34,16
34,16
36,17
37,18
30,18
28,17
29,17
27,17
24,18
23,17
23,18
33,17
35,17
26,18
28,18
24,18
30,18
34,18
32,17
30,17
31,18
32,17
32,18
31,17
30,18
23,18
31,18
30,18
33,17
31,18
30,18
28,18
23,18
21,18
32,16
32,14
32,14
34,15
26,14
26,15
24,15
24,16
25,17
29,16
24,15
24,16
25,15
27,16
23,16
27,16
27,17
29,16
26,15
33,15
36,16
27,16
35,16
32,16
26,15
31,16
29,17
30,17
28,17
29,16
33,16
30,16
31,16
33,17
32,17
32,17
30,17
34,16
34,15
32,16
32,17
31,16
28,16
29,16
27,16
32,15
25,16
26,17
32,16
32,17
31,17
25,16
25,16
28,16
26,17
30,18
26,18
40,16
34,15
40,15
38,16
32,17
35,17
34,18
22,18
37,18
36,16
32,17
32,18
27,18
32,18
29,18
26,18
29,18
22,18
32,18
31,18
37,17
41,16
35,15
35,13
36,13
37,13
33,12
36,13
34,13
34,13
31,13
35,14
31,14
33,15
31,14
28,14
29,14
33,15
30,16
28,16
29,16
28,17
28,18
28,17
26,17
26,18
33,17
29,16
31,17
31,15
28,16
32,17
34,16
30,16
33,17
32,16
31,17
28,17
31,17
32,17
27,17
33,18
30,18
36,18
26,18
23,18
31,17
25,17
25,18
21,18
25,17
35,17
31,16
30,17
35,17
29,17
38,16
36,17
30,15
30,15
37,15
28,13
25,11
24,11
24,12
27,13
26,13
23,14
23,14
32,14
25,14
22,13
22,13
26,13
29,12
29,12
29,13
28,13
29,11
26,9
25,8
27,8
25,7
24,8
25,9
29,10
28,11
28,11
21,11
25,11
26,12
24,12
26,13
26,14
25,14
27,15
31,15
27,16
25,17
26,17
25,18
29,18
21,18
33,17
31,18
29,17
29,17
28,18
34,17
30,17
30,18
31,17
36,16
29,16
33,16
31,17
26,17
29,17
27,16
32,16
29,17
28,17
30,17
32,17
29,18
27,18
34,18
26,18
29,18
38,18
30,18
21,18
32,18
36,17
36,15
37,15
38,16
37,16
33,17
39,16
38,14
40,14
36,15
38,16
39,16
31,15
41,14
34,13
36,13
34,13
40,13
42,14
34,15
36,16
38,15
40,16
35,17
40,15
37,14
33,13
35,13
39,14
36,15
36,14
35,15
34,15
34,16
34,16
33,16
35,16
30,15
32,16
35,15
34,16
29,16
27,17
27,17
34,15
32,16
33,16
29,16
32,17
29,17
28,18
29,18
21,18
27,18
28,18
28,18
29,16
26,16
29,15
25,15
33,16
31,16
28,17
28,17
33,18
35,17
29,16
37,16
35,16
34,17
37,17
32,17
27,17
31,18
29,16
30,17
31,18
23,18
24,18
20,18
30,18
25,18
29,18
38,15
37,16
28,16
26,15
35,16
28,16
29,17
25,18
28,18
19,17
20,18
32,15
33,16
35,16
33,12
25,12
32,11
32,10
31,10
32,10
30,10
28,8
30,9
29,10
28,10
31,11
32,12
29,13
31,14
30,15
28,15
31,15
31,16
26,16
30,17
30,18
28,18
29,16
30,17
28,17
29,18
30,18
28,17
34,16
31,16
32,17
35,18
26,18
25,17
24,18
26,18
25,18
27,17
31,17
30,17
30,18
27,18
25,16
32,17
32,17
27,17
23,17
36,17
27,16
22,15
26,15
28,15
28,14
22,14
24,14
23,15
27,15
25,15
32,15
30,15
38,14
31,13
32,14
30,15
29,13
29,14
29,15
29,16
28,16
31,13
30,12
29,13
30,14
28,15
31,15
30,15
31,16
29,16
30,17
28,17
20,18
30,18
35,16
30,16
37,15
39,15
33,16
39,17
39,16
38,17
31,17
35,17
30,17
33,17
32,17
28,18
37,16
33,12
35,11
31,12
31,13
31,13
28,12
33,12
33,13
34,12
33,13
31,10
34,11
31,12
29,12
34,12
29,13
29,13
29,13
33,12
33,12
32,13
31,14
28,15
28,16
34,16
27,14
33,11
31,12
33,12
33,11
33,11
27,12
31,13
33,14
32,14
34,15
32,15
33,16
31,17
33,17
32,16
31,15
30,16
31,16
31,17
31,16
32,17
29,18
32,18
28,18
19,18
19,17
19,18
30,17
27,17
28,17
31,17
30,15
28,16
27,13
25,11
30,10
31,9
30,9
29,9
30,9
31,9
30,9
30,10
30,11
29,10
33,11
33,11
35,12
33,12
35,13
30,14
34,15
35,13
29,14
31,14
32,14
32,14
35,15
33,15
34,16
38,15
35,15
30,16
31,15
33,15
32,16
33,14
31,14
31,13
34,12
30,13
33,13
33,14
33,14
31,14
31,13
31,14
30,14
28,13
31,12
26,12
30,13
29,13
29,13
35,14
35,15
31,16
31,16
33,14
34,14
32,14
29,11
26,9
35,10
27,11
27,12
34,12
25,11
27,12
32,11
35,11
35,10
37,11
37,11
37,9
36,10
31,11
34,11
35,12
40,11
31,11
32,12
34,13
32,14
31,15
32,15
29,16
31,16
28,14
31,14
28,13
33,11
33,12
28,11
31,11
30,11
29,11
37,11
30,11
33,12
38,13
34,13
30,13
31,13
31,14
38,14
37,15
37,14
32,15
34,15
34,15
33,14
29,15
32,15
38,14
33,15
33,14
34,14
33,14
31,15
31,13
30,11
30,11
29,12
29,12
33,11
30,10
32,10
33,11
30,11
33,12
32,13
30,14
29,13
35,14
26,13
32,13
30,13
24,14
31,14
26,15
30,16
35,17
33,16
36,15
36,14
28,15
30,15
36,15
32,13
29,13
34,14
31,14
33,15
29,15
35,14
36,13
32,12
32,13
38,13
30,14
30,15
39,14
39,14
39,15
32,16
35,15
31,14
32,15
35,15
32,11
37,12
33,12
31,13
37,13
31,14
34,13
34,14
36,15
37,16
37,17
34,17
35,17
34,17
29,17
32,17
30,18
37,17
32,18
25,17
25,18
31,18
29,12
28,11
28,9
30,9
30,10
27,10
33,8
26,8
33,8
30,8
30,9
32,10
32,10
34,11
33,11
34,11
28,12
32,12
34,12
33,13
34,14
35,14
32,15
36,16
35,17
33,17
34,18
32,17
27,18
28,18
19,18
19,17
19,18
26,17
24,16
26,16
24,16
23,15
23,16
22,16
23,17
24,17
26,17
30,17
22,16
23,17
31,17
30,16
28,17
32,16
31,17
29,17
31,16
27,15
26,15
25,15
31,14
28,14
29,15
28,13
28,13
30,13
30,14
27,13
30,13
26,14
26,12
28,12
29,13
27,13
29,13
28,13
25,13
26,14
26,15
27,16
25,16
31,14
26,13
26,14
26,14
28,14
25,15
25,15
28,14
27,15
27,16
25,16
25,16
24,16
24,17
32,17
27,18
29,18
36,0
37,1
34,2
35,3
37,4
30,5
41,6
33,7
30,8
28,9
36,10
40,11
38,12
30,13
38,14
40,15
30,16
36,17
31,18
26,18
27,18
30,18
38,17
32,18
29,17
29,16
26,17
36,17
28,17
35,17
29,15
26,15
27,16
23,14
28,15
30,15
35,15
34,15
25,15
29,15
24,16
24,16
26,16
27,15
30,15
33,15
29,16
29,16
30,17
31,17
30,18
31,16
33,17
30,18
26,18
30,17
32,17
31,17
34,16
31,17
28,16
32,16
35,17
31,17
29,18
40,16
40,16
33,15
29,14
28,14
32,15
26,16
39,16
38,16
41,15
36,16
39,16
35,17
31,16
26,15
34,15
33,14
33,15
32,14
32,15
22,14
30,14
31,14
31,15
35,15
34,15
35,16
34,17
23,18
23,18
30,18
24,18
21,18
24,16
31,17
28,14
24,14
24,15
27,15
27,15
25,16
24,16
27,16
22,15
30,15
25,16
26,16
26,16
28,16
27,15
24,16
33,15
28,14
33,15
32,15
30,13
29,14
33,14
30,15
25,14
29,15
25,15
29,15
32,15
29,13
29,14
31,14
26,15
29,16
33,16
33,17
37,17
32,18
31,17
31,17
34,18
28,17
26,17
32,18
27,18
26,18
32,17
32,17
29,17
30,18
33,18
23,17
22,17
21,17
20,17
20,18
30,16
30,17
28,18
32,17
33,17
32,17
30,18
28,18
23,18
21,18
30,17
27,18
27,18
21,18
35,17
26,18
28,17
30,18
19,18
22,17
24,17
22,18
30,17
31,17
25,17
26,17
27,17
25,16
24,15
26,16
23,16
25,16
20,17
34,17
28,17
30,17
29,16
29,16
29,17
22,17
30,16
29,16
27,15
27,16
31,17
27,17
36,17
28,15
35,14
30,14
29,15
34,15
29,15
30,15
33,16
30,17
33,17
26,13
29,13
30,12
27,12
28,12
34,13
26,14
25,14
23,14
27,15
23,15
32,15
28,16
27,16
26,16
28,16
27,15
25,16
23,16
26,15
27,15
26,15
23,15
23,13
24,14
25,14
25,15
26,15
21,16
23,16
28,15
21,16
20,16
26,15
28,15
24,16
27,15
24,15
21,15
27,14
26,15
22,14
24,15
26,15
19,15
24,15
29,15
23,14
22,14
22,14
20,14
20,15
24,14
22,15
26,16
21,15
23,16
21,17
27,16
30,17
31,16
30,16
25,17
26,17
27,17
33,17
28,16
22,16
30,16
21,15
29,13
26,12
30,13
25,13
28,14
31,15
31,15
23,16
29,16
33,14
28,15
30,15
29,15
31,14
32,15
28,14
26,15
28,15
21,14
19,15
21,14
23,15
23,15
28,16
27,16
24,14
24,13
25,13
25,14
23,11
25,12
21,12
28,13
23,14
27,15
24,15
31,15
22,16
25,16
24,16
21,17
27,17
31,16
35,17
28,17
30,17
30,17
26,16
28,16
21,17
29,15
31,16
26,16
37,15
36,15
32,16
28,16
34,16
25,15
32,15
34,14
33,15
37,15
37,15
35,15
37,16
32,15
30,10
30,10
28,11
32,10
31,11
30,11
33,11
32,12
33,12
31,13
33,14
33,15
32,15
33,16
33,16
32,16
33,17
27,15
31,16
27,16
33,16
31,16
28,17
30,17
24,17
28,17
28,16
32,15
32,15
34,16
31,15
34,16
33,16
28,16
29,16
33,15
30,14
34,15
32,15
35,16
25,15
34,15
22,14
24,14
29,14
21,12
19,13
19,13
23,14
20,15
25,15
22,15
27,15
23,14
24,14
24,13
27,13
32,13
29,13
28,14
27,14
25,14
22,15
20,15
27,15
30,15
27,14
26,15
31,15
27,14
30,14
28,14
25,15
25,14
26,15
27,15
27,14
26,15
27,14
26,14
28,14
26,13
26,14
26,14
21,13
23,14
21,13
20,13
19,13
26,13
20,14
19,14
19,15
25,16
27,16
28,17
29,16
26,16
27,16
25,16
31,16
28,16
35,16
29,16
30,17
29,14
28,14
26,15
28,14
29,14
26,13
28,12
29,12
34,13
29,12
25,12
29,12
27,12
30,12
23,12
29,12
32,11
26,11
31,11
29,12
32,12
31,13
30,14
31,14
29,15
25,16
30,16
32,15
26,15
21,15
31,16
22,15
25,16
27,16
27,16
29,17
28,17
31,17
26,16
29,16
25,17
32,16
29,16
24,16
30,16
26,16
26,17
23,17
28,17
27,17
25,16
24,16
29,16
25,16
24,16
29,16
23,15
24,15
23,16
21,15
20,16
31,16
26,16
22,14
21,14
23,14
22,12
21,12
20,11
24,12
24,12
24,12
24,11
23,9
23,9
21,10
26,10
20,9
24,10
26,9
28,10
21,11
23,12
23,12
26,12
30,12
27,12
27,13
30,14
25,13
28,14
27,15
31,15
25,15
27,15
26,16
25,16
29,16
29,16
26,16
25,15
23,13
23,14
23,15
22,14
25,14
23,14
22,15
23,16
29,16
26,16
25,16
23,15
27,14
20,13
27,13
20,14
27,15
26,14
26,15
26,13
24,14
25,15
25,15
23,15
28,15
25,16
24,15
24,14
23,15
24,16
25,17
28,17
29,16
24,17
30,16
29,17
26,17
24,16
27,16
22,17
24,17
29,14
26,15
26,16
28,14
31,15
33,14
31,14
30,15
30,15
29,15
28,15
33,15
27,15
27,15
27,15
28,14
27,15
23,15
31,15
22,13
22,14
24,14
25,14
24,14
27,13
27,13
23,13
23,14
27,14
24,13
24,14
20,14
22,15
26,14
27,14
28,15
26,14
22,14
22,13
28,13
28,14
24,14
25,11
24,10
26,11
24,11
26,12
25,12
23,12
24,11
22,12
22,13
23,12
23,13
23,13
22,12
22,11
25,11
22,12
25,12
28,11
22,9
26,10
23,11
28,11
25,10
24,11
23,10
25,11
24,11
23,12
25,13
25,14
21,14
25,14
27,14
23,15
29,16
23,17
23,17
25,17
25,17
24,16
30,15
23,13
25,13
30,14
31,15
27,15
24,15
24,15
27,15
27,16
29,15
23,13
26,14
21,14
28,14
32,14
26,15
26,15
24,16
27,16
28,16
29,17
27,18
25,17
28,14
30,12
30,12
30,10
28,11
32,10
27,9
30,10
27,10
25,10
30,11
29,11
29,12
29,12
28,13
29,13
30,14
29,15
29,13
34,14
30,14
38,15
36,16
31,12
27,11
27,12
26,13
27,11
26,11
23,11
23,12
29,12
24,13
30,13
25,14
31,14
28,15
30,12
22,12
26,13
26,12
26,13
25,10
21,11
20,12
20,12
27,13
19,12
24,13
26,11
28,12
22,11
25,11
28,10
29,7
28,7
28,8
28,9
28,8
28,8
28,9
27,10
22,11
28,12
22,11
30,12
23,13
28,14
29,15
28,15
30,16
32,17
25,18
25,18
24,17
24,17
21,18
27,17
26,17
25,17
26,18
30,18
24,18
29,18
31,17
31,17
31,16
29,17
29,18
19,18
31,17
25,17
26,15
24,16
25,16
26,16
23,16
24,17
25,17
23,18
25,17
21,18
21,18
37,0
37,1
36,2
37,3
28,4
36,5
28,6
30,7
30,8
28,9
34,10
34,11
32,12
30,13
33,14
34,15
32,14
31,15
31,15
31,16
33,16
34,15
32,13
31,13
32,13
31,13
30,12
29,13
32,13
35,13
33,13
33,13
34,13
28,13
31,13
33,13
28,9
29,9
28,10
32,10
29,11
32,11
28,12
27,13
29,13
31,13
32,14
30,15
31,15
27,15
33,15
32,16
32,15
31,15
30,15
30,16
28,15
28,15
25,14
35,15
32,15
34,16
31,14
32,14
30,14
32,13
28,11
30,9
30,9
29,10
33,11
34,11
34,12
32,13
36,13
29,14
32,14
31,12
36,12
34,13
32,13
35,13
31,14
31,14
32,14
30,14
39,13
33,14
38,15
29,15
35,15
34,15
34,13
40,12
37,13
38,13
37,14
32,15
39,15
32,15
35,14
35,13
37,14
30,15
37,15
38,15
32,16
40,17
34,17
34,14
30,15
33,16
30,16
33,17
34,17
31,17
33,16
29,16
29,16
36,17
28,15
31,14
32,13
24,13
32,13
27,12
25,12
27,12
27,12
28,13
26,14
24,13
25,14
26,15
27,16
25,15
27,16
27,16
25,16
32,0
33,1
33,2
32,3
34,4
31,5
34,6
34,7
33,8
32,9
32,10
34,11
35,12
33,13
33,14
36,14
39,15
36,15
31,15
30,15
31,14
36,15
28,13
29,14
33,15
34,15
24,15
31,13
30,14
33,13
25,13
27,13
26,13
28,14
23,14
27,13
32,14
25,15
23,15
23,16
21,15
33,16
32,17
29,17
36,17
32,12
34,12
34,11
29,11
29,11
29,12
29,12
36,13
31,14
35,14
30,13
28,14
29,14
26,15
33,15
31,15
27,16
32,16
31,15
29,15
31,15
29,16
28,16
34,16
27,16
26,16
25,14
33,13
28,13
28,14
28,15
27,16
25,15
23,13
29,12
22,13
34,12
32,13
34,14
33,14
27,15
31,15
33,15
31,14
31,15
32,15
32,14
31,14
31,14
32,15
31,16
32,17
34,16
35,16
35,14
35,13
34,14
29,15
33,12
34,12
35,12
35,13
38,13
34,13
35,13
32,14
32,14
35,14
32,15
25,14
34,15
32,15
32,16
25,16
27,15
34,15
34,16
34,17
31,15
29,16
36,15
34,15
31,16
33,16
30,17
31,16
30,16
30,15
31,15
29,12
31,12
32,12
30,12
31,11
31,11
31,12
29,12
34,13
33,12
27,13
27,14
35,11
36,12
37,12
33,12
29,13
29,14
28,12
29,12
34,13
30,10
32,10
34,10
29,11
28,11
28,11
26,12
28,13
30,12
30,11
30,11
27,11
31,12
30,13
29,14
27,14
31,15
28,15
27,16
28,16
28,17
27,17
26,17
34,17
30,17
28,16
30,16
29,17
30,16
32,17
31,16
32,16
32,14
24,12
24,6
27,5
28,6
22,7
29,7
28,8
28,9
32,10
31,11
29,10
29,11
23,11
32,12
31,12
29,13
28,14
30,14
36,15
34,15
31,14
30,9
28,8
28,9
24,8
28,8
30,9
27,10
28,10
27,10
30,9
30,9
32,10
30,11
31,12
33,12
29,13
36,12
34,13
35,13
35,13
33,11
34,12
33,13
31,12
35,12
34,12
37,12
35,11
34,12
33,12
34,12
31,13
33,13
29,14
27,13
30,14
27,15
25,15
27,15
25,16
39,16
33,14
31,15
28,15
28,15
26,16
29,16
35,13
31,14
31,14
34,15
33,16
31,13
31,12
30,12
28,12
28,12
29,12
29,13
32,13
27,14
28,14
30,15
30,15
30,16
28,16
32,16
24,13
24,14
23,14
27,14
23,15
25,15
26,16
25,15
26,15
28,16
26,15
28,15
28,16
26,16
28,15
23,13
26,12
28,11
27,9
29,9
29,9
29,9
30,10
29,8
29,9
30,9
31,8
30,9
31,10
30,11
30,12
29,12
25,12
29,12
30,12
25,13
33,13
29,14
34,15
32,16
31,16
28,16
36,16
33,17
27,17
33,17
30,17
27,16
32,16
31,16
29,15
29,15
26,13
24,13
24,14
23,14
25,15
23,15
25,15
26,16
23,17
34,14
29,14
33,15
32,14
32,12
32,12
33,12
34,13
32,12
33,11
31,12
30,12
31,12
31,13
33,13
28,14
29,14
32,13
33,14
31,14
34,15
33,15
33,16
31,17
21,16
24,16
31,15
32,16
30,15
27,14
29,15
27,16
27,16
27,15
28,14
29,14
27,15
31,14
33,14
30,15
29,15
28,14
27,13
27,13
29,11
30,11
27,12
26,13
29,14
29,14
27,14
24,14
25,15
31,15
27,14
23,13
25,12
26,11
24,12
27,13
28,12
22,12
23,12
30,12
28,10
30,10
29,9
30,8
27,9
26,10
23,11
29,10
28,10
28,10
34,11
31,12
28,13
30,14
36,12
34,13
37,13
36,14
35,14
30,14
34,15
32,12
34,13
35,13
35,14
31,15
37,15
36,15
34,14
34,15
34,16
25,16
31,16
25,16
27,16
23,16
33,16
26,16
26,16
23,16
28,16
26,15
30,15
27,14
29,15
28,15
28,15
25,14
29,14
26,14
26,15
31,14
28,14
32,15
32,14
29,13
30,13
31,14
31,14
31,15
27,13
25,14
31,11
28,10
22,10
25,10
25,11
30,12
28,12
26,13
24,12
26,13
22,10
20,10
23,11
22,11
28,12
30,12
23,12
28,12
31,12
31,9
32,9
27,9
29,9
28,8
31,8
29,8
27,9
29,10
30,11
29,11
32,12
31,13
29,14
27,13
28,14
27,15
29,15
27,15
26,15
26,15
23,13
26,14
24,14
27,13
24,13
28,13
27,14
25,12
27,13
27,13
24,11
24,12
26,12
24,13
25,12
26,12
28,12
22,12
20,11
24,12
23,13
24,13
23,14
22,12
23,12
24,13
23,13
23,13
23,14
24,14
21,14
23,15
23,15
21,14
21,15
24,15
20,14
22,13
22,14
28,11
20,12
23,12
21,12
19,12
21,11
19,11
22,11
21,11
25,11
24,12
21,12
19,11
24,10
23,11
23,11
24,11
23,10
23,11
21,12
23,13
25,14
24,13
23,13
22,14
24,15
22,14
24,14
26,13
22,13
20,13
27,14
22,14
27,14
22,13
27,14
27,13
26,12
22,8
23,7
19,7
20,7
27,6
19,7
26,8
23,9
27,10
25,10
26,10
26,11
27,12
27,12
29,13
30,11
29,11
29,12
31,13
29,14
25,12
21,12
23,12
22,12
23,12
28,12
27,13
24,12
24,11
26,12
24,11
22,12
24,13
25,13
27,13
22,13
23,14
31,11
25,12
27,13
30,13
27,13
24,14
33,13
27,11
30,11
27,12
28,12
30,13
25,14
22,11
24,11
23,12
22,12
30,13
23,14
27,14
27,14
26,15
26,15
22,16
28,16
24,15
23,15
26,15
26,14
27,14
25,14
21,15
23,15
24,15
28,14
24,15
26,16
26,15
22,15
27,16
20,16
23,15
28,15
23,15
28,16
24,16
30,16
27,14
27,13
29,14
24,14
28,11
25,11
32,11
23,12
22,9
21,10
21,11
27,11
28,12
28,12
27,12
25,13
31,14
25,15
25,16
30,16
28,15
30,14
28,14
23,15
28,16
28,16
31,15
25,16
32,13
32,12
35,13
33,14
32,14
34,15
29,15
21,14
25,13
31,13
28,11
25,11
25,12
30,12
37,12
33,13
24,14
28,15
35,16
36,15
25,16
26,15
28,15
33,13
34,13
32,14
21,13
30,12
30,11
31,12
31,13
31,13
30,13
33,14
31,14
31,14
30,15
32,15
34,15
36,13
34,13
36,13
22,13
32,14
27,12
28,12
29,11
27,12
26,12
26,12
30,10
21,10
21,11
28,12
25,12
28,12
23,11
25,11
24,12
30,11
26,11
26,12
33,12
26,12
26,12
29,11
30,10
31,11
31,11
29,12
30,12
29,12
26,13
30,14
33,14
34,14
28,14
28,15
35,15
31,14
32,15
28,16
28,16
32,17
26,17
30,17
23,17
28,16
30,16
30,17
30,17
27,16
29,16
34,17
27,16
26,16
27,17
33,16
30,13
27,12
30,12
25,12
27,12
29,12
30,11
27,11
27,12
28,11
30,12
31,12
33,12
35,12
28,12
30,12
35,10
32,10
31,11
31,11
27,11
30,12
33,12
28,12
31,13
30,13
27,13
32,14
29,14
29,14
31,15
31,16
26,15
25,15
23,14
26,15
21,14
25,14
22,14
23,14
22,14
22,15
23,15
23,16
32,15
30,15
21,14
21,13
22,13
21,9
23,10
21,10
23,10
20,11
19,11
23,12
21,12
22,13
22,14
21,15
22,14
27,15
19,16
19,17
21,17
32,17
25,13
26,14
32,12
24,12
33,11
34,8
33,7
25,8
26,8
32,7
33,8
33,9
28,10
36,9
28,9
28,10
30,10
29,11
28,11
31,12
30,12
30,12
34,12
30,13
30,14
25,11
23,11
22,12
25,11
21,11
29,11
27,11
24,12
29,13
31,12
31,13
29,13
29,14
28,13
28,13
28,14
29,14
33,15
22,14
23,14
27,15
27,13
29,13
27,14
31,15
31,16
28,14
33,15
32,14
28,15
31,16
26,15
28,15
28,13
26,13
23,11
22,12
24,13
22,14
28,14
22,15
30,15
28,14
29,14
31,13
28,14
27,13
30,11
26,12
29,12
30,13
28,14
29,14
28,15
26,14
31,14
33,14
25,13
31,12
30,12
30,12
27,12
28,13
33,13
30,13
27,13
31,14
25,14
26,12
26,12
27,13
25,14
27,15
30,16
28,16
24,15
29,15
28,15
27,15
27,16
26,17
25,16
29,16
27,14
23,15
21,16
30,16
22,17
28,16
26,16
29,14
31,11
32,11
30,11
26,11
31,11
29,11
29,11
29,12
31,11
32,11
33,11
36,11
29,12
30,12
36,12
36,13
34,13
32,14
29,15
31,15
32,16
24,16
29,16
21,15
22,15
22,15
30,15
24,14
25,13
28,13
25,13
30,13
24,13
24,14
21,15
26,13
29,14
33,13
30,13
29,14
32,14
26,14
28,13
27,14
28,13
31,14
28,15
22,14
23,14
25,14
23,12
24,10
26,10
23,10
22,10
23,10
25,10
21,11
22,12
24,12
26,13
24,14
23,15
22,15
26,14
22,15
25,15
27,15
25,16
29,14
36,14
29,14
27,14
28,15
27,15
34,16
30,13
27,14
26,15
26,14
30,15
27,15
29,16
26,15
33,14
26,12
27,12
24,10
24,11
26,12
30,11
24,12
24,12
26,13
30,12
31,13
26,13
27,14
27,13
28,13
29,13
30,14
31,15
27,16
30,16
29,17
31,17
29,17
33,18
24,18
18,18
18,18
18,18
18,18
31,17
27,17
24,17
25,17
24,16
27,17
28,18
27,17
28,18
25,17
25,17
24,17
22,16
24,16
21,15
20,16
21,17
20,17
19,18
18,18
32,17
27,16
27,15
29,16
25,15
31,15
24,15
23,15
28,16
24,13
25,14
26,14
27,14
22,14
23,15
24,15
25,15
25,15
21,15
20,16
32,15
30,15
29,15
29,15
22,15
36,14
35,15
27,15
27,14
32,15
24,15
34,15
25,16
25,16
26,16
23,16
31,16
30,16
30,17
22,17
37,16
36,17
30,16
27,17
28,16
25,17
28,17
28,16
23,15
26,15
26,16
26,16
26,16
28,14
30,14
34,15
31,14
21,14
25,13
23,12
24,13
33,14
29,14
34,13
30,14
34,15
29,15
25,15
22,15
27,15
32,13
29,13
32,13
23,13
23,13
29,14
26,15
31,14
24,14
24,15
26,16
28,16
26,16
22,17
27,13
29,14
26,14
28,15
27,16
28,16
30,16
26,16
24,16
26,16
23,16
26,16
22,15
22,15
21,15
28,15
22,15
23,14
28,15
24,15
31,15
27,14
23,14
24,13
31,14
27,13
27,11
30,10
25,11
25,11
25,12
29,13
28,13
25,14
25,15
26,15
26,15
24,15
23,16
24,16
24,17
26,18
18,18
18,18
18,18
22,17
22,17
21,17
20,17
18,16
18,17
18,18
18,18
18,18
18,18
28,17
35,17
28,15
32,14
28,15
29,14
28,13
29,14
32,13
29,13
26,14
27,14
31,14
29,11
29,9
29,10
30,11
29,11
29,11
29,12
26,12
27,13
25,14
25,14
27,15
27,16
28,16
27,16
27,16
27,16
28,17
33,17
31,17
27,17
30,17
28,17
29,15
25,16
29,16
24,17
36,15
30,16
29,15
29,16
27,15
29,15
26,16
26,16
30,16
29,17
22,17
31,16
27,16
32,16
31,16
26,16
24,16
27,16
26,16
26,15
25,14
30,14
31,13
31,13
28,14
31,14
30,15
30,15
27,15
27,14
26,14
27,13
28,12
25,13
32,13
27,13
30,13
26,13
26,13
28,14
33,13
30,14
31,14
31,15
25,15
24,16
28,16
30,16
24,14
31,12
30,13
29,12
23,12
34,12
28,13
24,12
30,12
30,13
24,12
30,9
31,10
28,11
28,12
31,12
31,13
32,14
30,14
28,13
32,14
29,14
28,15
27,13
30,14
30,15
28,15
32,15
29,16
31,16
30,16
23,16
27,16
22,16
24,16
28,16
21,15
25,15
25,16
23,16
32,16
28,16
29,15
31,14
28,15
30,13
27,13
28,14
29,14
31,15
27,15
23,15
35,15
29,15
23,16
19,16
33,16
28,15
26,16
26,15
22,13
20,13
24,12
23,11
21,12
24,12
23,13
25,12
29,13
23,13
19,14
26,14
23,14
24,15
22,14
31,15
26,15
27,14
26,15
27,15
26,16
26,16
24,15
22,16
30,15
26,15
26,15
27,15
26,15
32,16
28,16
32,16
28,15
25,16
25,17
26,17
30,17
30,17
24,16
24,14
24,14
23,15
23,16
22,16
24,14
26,14
23,15
23,16
21,15
24,15
22,15
23,15
23,15
24,14
29,14
22,13
20,14
25,14
26,14
27,12
27,12
21,12
24,13
25,11
24,11
24,12
23,13
27,13
27,14
22,13
25,12
20,13
29,13
27,14
29,12
30,13
27,14
23,15
27,14
24,15
29,15
31,15
28,14
29,14
29,15
26,14
30,15
28,14
29,15
32,15
30,16
28,16
23,15
30,15
23,15
32,14
28,14
26,15
30,15
31,14
32,15
24,16
30,15
33,15
26,15
34,14
30,15
29,15
31,15
36,15
32,14
29,14
31,14
34,15
31,15
33,16
23,14
26,15
21,15
20,14
21,14
27,15
31,15
22,14
28,14
27,14
20,14
29,14
28,12
27,13
26,14
30,14
33,15
28,14
28,14
29,14
25,14
28,14
24,15
28,16
27,16
29,16
25,16
28,17
27,17
26,17
27,16
29,17
30,17
25,17
27,17
29,17
24,16
31,17
25,17
36,16
33,17
32,17
31,17
30,12
29,12
38,10
31,11
30,9
27,9
27,10
27,11
33,11
34,12
28,9
28,10
30,11
29,11
29,12
26,13
30,13
34,14
32,15
28,15
28,16
26,17
27,17
37,17
26,17
29,17
24,17
28,17
36,17
26,17
29,17
24,17
27,15
30,15
25,15
32,15
30,16
32,16
28,13
29,13
30,12
25,11
30,12
29,13
27,13
29,12
31,13
30,12
31,11
31,11
30,12
29,12
26,13
28,12
32,13
34,12
27,12
32,13
25,13
32,13
29,12
34,12
30,13
29,12
31,10
30,10
29,11
28,10
27,10
27,10
30,11
27,11
25,11
27,12
25,13
27,14
26,15
24,15
32,16
27,17
22,17
23,17
30,17
38,16
34,17
29,17
27,16
27,16
29,16
27,17
29,16
32,16
31,17
28,17
24,16
26,17
26,17
23,17
25,16
28,16
33,15
33,16
34,16
33,17
27,16
27,15
27,14
24,15
24,13
24,14
25,11
24,10
25,11
25,12
34,9
31,10
31,11
28,9
31,10
32,11
32,10
33,10
34,11
32,11
28,12
33,11
27,12
34,13
31,14
31,15
31,16
31,17
37,17
25,15
27,15
26,14
30,14
32,12
28,12
34,10
31,11
32,9
29,10
32,11
32,11
31,10
33,10
33,11
33,11
29,12
30,13
33,13
30,13
31,14
32,14
31,14
33,14
33,15
31,15
31,16
31,17
31,17
33,17
29,17
33,17
29,16
24,17
31,17
28,17
32,13
31,14
29,15
33,15
31,16
30,15
27,16
31,16
31,16
29,14
27,15
33,14
30,14
31,14
29,13
30,13
30,14
31,14
31,14
31,12
28,11
25,12
28,11
32,10
25,9
25,9
25,10
27,10
31,10
31,11
31,11
28,12
31,12
34,12
30,13
29,13
30,13
29,14
28,15
33,16
23,14
27,15
24,15
33,15
26,15
32,15
29,15
25,15
26,14
32,14
29,13
28,13
28,13
31,13
30,14
29,14
31,15
30,14
25,13
24,14
25,13
26,13
26,13
23,14
31,14
26,14
30,14
24,12
21,11
19,12
21,11
25,11
23,12
23,12
24,11
29,9
28,10
31,11
28,12
27,12
26,13
24,13
28,14
21,14
22,15
26,16
22,16
21,16
23,15
21,14
20,14
29,10
32,8
31,9
31,9
30,10
33,7
33,8
33,9
29,8
33,9
37,10
34,11
33,12
31,13
35,13
35,14
34,15
35,16
26,16
35,16
31,15
32,16
32,16
32,17
23,17
23,17
29,17
26,17
28,17
31,14
30,13
26,14
29,15
31,14
29,15
30,15
29,16
30,15
30,16
29,17
27,16
30,16
30,17
26,17
22,16
27,16
20,17
33,17
28,17
33,16
34,17
26,17
29,17
33,17
22,17
36,16
34,17
26,17
24,16
27,17
30,16
29,16
24,17
34,17
23,17
26,16
28,16
23,17
21,17
30,17
24,17
24,15
23,16
23,17
29,17
28,15
27,14
28,15
27,16
29,16
27,14
22,13
25,14
23,15
23,14
23,14
25,15
29,15
32,15
23,14
27,14
26,15
22,15
28,16
24,15
27,14
28,14
25,15
29,12
30,12
31,11
30,11
30,12
29,11
28,11
29,12
28,12
31,13
30,14
26,14
28,14
29,11
31,12
23,12
23,12
27,13
27,10
23,9
23,8
30,9
23,9
25,9
24,10
24,10
24,11
26,12
24,12
27,13
26,14
31,15
23,15
23,15
27,16
27,17
24,17
28,17
27,17
22,17
30,17
28,17
26,17
28,16
26,17
25,17
33,17
26,15
28,15
28,16
28,15
24,15
29,16
30,17
24,17
26,16
30,16
28,17
31,17
32,16
31,17
34,16
31,16
31,16
31,15
30,16
36,16
26,16
31,15
24,15
23,13
24,14
24,15
22,15
22,15
26,15
25,16
25,16
27,17
30,14
32,15
32,16
21,16
20,16
28,16
28,15
28,16
26,13
24,14
23,14
24,15
25,16
25,17
24,17
20,16
19,17
36,15
35,15
31,16
35,16
34,17
31,16
30,16
32,15
30,15
31,16
31,16
35,14
35,15
30,14
26,15
33,15
34,16
35,15
31,16
29,16
30,16
29,13
27,13
29,13
24,12
26,13
26,11
27,11
22,11
26,12
25,11
22,12
21,13
24,13
21,14
22,15
24,15
27,15
28,15
28,16
30,13
28,12
31,11
30,11
28,11
31,11
30,12
26,12
31,12
30,13
25,12
32,12
27,13
33,12
29,12
29,12
30,13
32,13
29,14
27,14
29,15
32,16
27,15
28,15
24,15
26,14
26,14
25,14
25,14
24,15
27,16
31,15
30,16
31,14
27,15
31,15
29,15
31,16
30,16
22,15
22,15
29,14
28,14
27,14
24,11
26,11
23,12
25,12
22,12
24,12
23,13
24,13
19,13
22,14
21,15
20,15
30,15
18,13
22,13
22,13
23,14
24,14
26,14
29,12
29,11
29,11
28,12
27,13
27,13
25,12
21,12
25,13
23,12
25,13
25,12
20,12
18,13
22,13
18,14
24,15
25,15
26,16
22,16
29,15
28,15
30,15
26,14
25,15
29,13
30,13
26,14
26,14
27,14
30,15
28,14
30,15
25,15
28,16
24,16
27,17
30,17
30,15
29,16
26,16
31,17
24,15
24,16
23,16
22,16
24,17
26,15
26,16
29,17
32,16
32,17
26,17
20,17
22,17
31,16
32,16
23,16
29,16
31,16
23,13
29,13
30,14
29,15
27,16
32,16
28,16
32,16
33,16
32,16
26,16
28,15
28,15
24,15
26,16
26,14
25,14
26,14
24,15
26,15
22,14
22,14
21,14
22,13
24,14
22,14
24,15
26,15
28,14
25,14
25,15
26,16
25,16
26,17
23,16
23,16
24,17
22,17
20,17
19,17
26,17
27,16
25,15
29,16
24,15
22,16
23,16
29,16
25,15
31,16
30,16
29,17
24,17
32,16
31,16
25,16
35,15
32,14
35,14
36,15
32,16
28,14
32,15
33,13
23,13
24,14
24,14
24,14
32,15
21,15
23,15
21,15
25,16
21,17
32,17
32,17
28,17
28,16
28,16
34,16
30,16
27,16
27,14
29,15
29,16
26,15
26,16
26,16
33,16
33,16
24,16
26,17
27,16
27,16
24,17
25,17
23,16
23,17
24,17
28,16
37,14
26,15
39,15
32,15
33,13
27,13
27,13
24,13
28,13
19,13
26,13
25,14
26,15
19,15
20,15
24,12
27,13
23,11
27,12
23,13
23,14
24,14
25,15
24,15
24,16
21,17
38,17
26,17
24,17
33,16
24,13
28,14
31,15
30,16
28,16
28,16
23,16
25,16
29,17
36,16
32,16
32,16
34,16
36,15
35,15
31,15
34,16
32,16
32,15
28,15
30,14
32,15
32,14
33,15
26,15
27,12
26,13
27,13
28,13
31,14
30,15
30,14
31,15
29,13
25,11
30,10
31,10
26,10
25,10
25,10
24,11
23,11
29,12
30,13
27,13
26,14
26,14
26,15
29,16
29,17
30,16
26,15
34,16
27,15
31,16
26,16
26,16
28,13
29,14
27,11
27,11
27,12
29,12
25,12
26,12
26,13
25,14
27,15
23,16
23,16
25,16
24,16
27,16
24,15
22,15
27,14
26,14
28,14
23,15
26,14
22,15
21,15
21,16
21,17
24,17
27,17
24,17
29,16
31,17
29,17
27,16
28,15
27,16
28,14
28,14
24,13
25,14
24,14
25,14
23,14
22,15
27,15
23,16
25,15
25,15
25,16
25,15
24,16
24,16
26,16
23,14
29,11
24,9
21,7
29,8
23,6
26,6
28,6
27,7
28,8
28,9
29,10
34,10
27,11
25,12
29,11
31,12
28,13
31,14
35,14
30,15
25,15
32,16
32,16
22,16
27,16
26,15
28,14
24,15
25,16
33,15
22,15
29,15
22,14
21,15
30,14
32,14
27,13
27,14
26,15
21,15
29,16
26,16
20,16
25,16
23,16
28,17
26,17
22,17
26,17
22,17
25,16
29,16
24,16
28,16
29,16
29,16
28,16
25,16
24,17
25,16
24,16
19,16
20,16
22,16
22,16
21,17
21,16
27,16
24,15
20,15
30,14
25,13
22,14
22,13
22,12
26,11
27,9
30,9
26,8
28,9
31,9
29,9
25,9
26,10
28,10
29,11
31,11
33,11
33,12
33,13
29,14
36,14
29,15
31,16
34,16
33,16
31,16
28,15
34,15
30,15
29,16
31,15
31,16
31,16
31,15
31,16
23,16
28,13
33,13
28,14
26,15
27,15
27,14
27,14
26,15
26,15
26,16
28,15
30,15
28,16
31,17
29,16
26,17
20,17
25,17
23,16
23,17
20,16
20,17
19,17
19,17
27,17
27,14
29,15
28,15
27,15
28,15
27,13
26,14
23,14
26,14
25,14
25,14
31,15
26,15
28,12
25,13
25,14
29,15
24,15
28,15
23,15
24,16
30,15
25,15
26,15
26,16
23,17
27,17
22,17
28,17
22,15
26,14
27,14
24,14
26,15
27,15
26,15
26,16
28,17
26,17
24,17
23,16
24,17
30,17
31,17
28,17
26,17
25,16
28,16
27,16
23,16
22,16
24,17
24,17
25,17
28,17
34,16
34,15
30,16
30,13
27,13
33,14
31,15
28,15
33,16
29,16
28,17
20,17
31,17
24,17
20,17
22,16
21,14
20,15
19,13
19,14
19,15
25,16
18,17
34,17
26,16
27,17
27,14
27,14
26,14
24,14
32,15
23,14
27,14
33,12
33,13
34,14
34,15
25,14
31,14
24,15
31,13
29,14
29,15
32,15
26,15
32,15
30,14
27,13
27,14
27,14
26,15
27,16
25,17
28,17
27,16
29,17
25,17
31,16
23,17
26,13
26,14
30,14
28,15
24,15
28,15
25,16
27,16
24,16
30,16
30,16
29,16
30,17
23,17
28,17
23,15
23,16
26,17
32,17
22,17
24,15
23,16
25,15
27,16
25,16
21,16
21,17
28,17
30,17
27,17
24,17
24,16
33,16
32,16
33,15
27,15
30,13
33,13
29,12
35,12
32,9
28,8
29,8
31,9
28,8
31,9
31,9
26,10
28,10
33,11
25,12
26,13
28,14
33,15
32,15
31,16
21,15
21,16
19,16
23,17
26,16
26,17
20,16
26,16
21,17
24,17
22,17
20,16
20,15
20,15
22,16
21,16
20,16
20,17
23,17
18,17
26,17
30,17
24,17
24,16
34,15
26,16
33,16
29,16
34,16
29,16
30,16
36,14
36,15
29,15
33,16
34,14
27,14
36,15
31,14
29,13
28,14
27,13
33,13
32,13
29,14
33,13
31,13
36,13
34,14
35,14
34,15
31,16
35,16
28,17
28,17
24,15
22,14
26,15
24,14
20,14
24,14
25,15
24,15
25,15
24,15
25,16
21,16
25,17
20,17
18,16
18,17
18,17
23,17
23,17
34,15
31,16
29,15
24,15
32,16
34,16
22,16
32,16
31,14
21,13
22,13
27,13
21,14
28,14
26,14
29,14
26,15
24,16
28,15
34,16
26,16
29,16
29,15
31,14
27,13
29,14
29,15
28,16
30,16
25,17
31,17
18,17
25,15
28,15
31,14
28,11
18,12
30,13
26,13
24,12
23,11
22,9
20,10
27,10
25,11
26,12
25,13
29,13
28,13
22,14
30,14
26,14
27,15
32,15
25,15
36,12
32,13
34,14
34,14
27,15
30,14
28,13
30,11
31,12
30,12
27,13
32,13
32,14
30,13
29,14
30,13
32,13
28,14
31,14
27,15
29,15
34,16
29,16
28,16
26,16
25,15
28,16
28,16
26,16
27,16
22,16
29,15
30,16
27,16
34,16
29,16
23,15
20,16
30,16
23,16
30,16
27,16
23,16
25,16
25,15
22,16
30,16
24,15
23,15
25,15
23,14
28,14
29,15
31,14
29,14
24,13
23,13
22,14
27,13
28,11
27,12
30,12
28,13
22,13
28,14
30,14
25,13
21,14
25,13
27,13
22,12
26,11
26,12
21,12
29,12
31,10
20,11
20,11
24,12
25,11
24,12
27,11
27,12
31,12
30,13
29,13
29,14
24,14
27,13
23,14
29,14
25,14
28,14
26,14
25,13
27,14
26,15
24,14
20,15
24,15
25,14
22,13
20,13
20,12
21,12
22,13
23,14
22,14
23,15
26,14
19,15
25,15
27,15
24,16
27,15
25,15
25,16
23,16
24,16
27,16
24,16
25,16
23,16
24,14
24,15
21,16
26,15
23,15
25,16
23,15
22,16
21,16
25,16
22,16
25,16
23,16
24,15
21,11
27,6
27,5
26,6
24,7
21,7
27,6
26,6
24,7
31,8
30,9
24,10
31,11
28,11
30,12
30,12
25,13
22,14
25,15
27,15
30,15
30,16
23,15
22,15
27,14
25,14
25,15
21,15
27,14
26,13
27,14
19,15
27,15
26,16
22,16
28,16
26,16
20,15
21,14
26,15
21,16
21,15
21,15
25,12
26,13
32,13
31,14
25,14
26,15
24,16
21,15
25,13
26,14
24,15
22,15
23,13
20,13
21,13
23,13
26,14
22,14
23,15
20,15
23,15
20,15
26,14
23,13
23,13
24,14
21,14
26,14
23,13
26,13
27,14
27,14
21,14
21,14
23,14
26,15
22,16
22,17
28,14
24,15
26,16
25,16
23,15
24,16
26,16
23,16
24,17
30,17
28,17
31,17
26,16
28,17
22,17
32,16
30,16
28,17
21,17
27,17
26,17
24,16
22,17
25,17
35,16
30,15
28,15
28,16
30,16
28,15
31,14
31,14
25,14
29,13
29,12
26,13
25,12
27,12
24,13
29,14
27,14
30,14
27,15
28,16
28,16
26,16
27,16
23,14
27,14
23,15
27,15
22,16
29,14
26,15
27,16
24,14
29,14
29,15
24,15
27,14
26,13
26,14
25,14
25,15
29,15
25,13
24,13
23,13
25,14
23,13
24,14
25,14
26,15
25,16
24,16
24,17
22,16
21,16
20,17
25,14
24,14
21,15
21,16
23,16
25,16
21,17
19,17
27,17
33,15
33,14
28,12
29,12
32,13
34,14
26,14
35,14
28,14
31,15
32,13
31,13
33,13
33,14
35,15
35,14
31,15
28,15
32,15
31,15
34,16
31,15
30,16
30,15
28,16
28,16
25,16
34,16
27,16
27,15
25,16
29,16
24,15
33,15
31,15
29,15
32,15
24,15
26,14
25,14
23,14
23,14
29,15
26,14
26,13
27,13
26,13
23,12
23,13
31,13
25,14
31,14
26,15
30,14
30,14
31,14
30,13
32,14
31,15
27,13
32,14
31,15
31,14
31,14
29,13
30,13
30,14
30,15
30,16
24,16
25,16
24,16
29,15
22,15
25,16
24,16
24,16
29,16
24,15
26,15
28,15
26,14
28,15
30,14
24,14
24,14
25,13
26,12
24,12
23,11
28,9
27,8
25,7
26,7
26,7
24,8
25,9
25,10
25,11
24,12
24,11
25,12
23,12
25,13
25,14
25,14
25,13
25,14
22,14
30,15
30,16
21,16
24,15
22,15
28,15
24,15
25,15
25,15
23,16
32,16
23,16
25,16
25,16
28,16
26,16
22,15
24,15
24,15
23,16
24,16
27,15
27,14
24,15
26,15
24,13
21,14
24,14
24,14
27,14
26,14
25,15
25,15
24,15
26,15
21,16
23,15
29,15
26,16
22,14
21,14
20,14
22,15
22,15
27,15
26,15
29,13
24,13
27,13
26,13
20,13
23,14
20,14
22,14
21,13
26,12
28,13
24,13
19,14
19,14
23,14
22,14
19,14
18,12
18,11
20,12
23,12
22,11
22,11
24,11
24,10
22,11
25,12
21,12
19,10
21,11
25,12
25,12
22,13
22,13
26,14
21,15
26,14
25,15
23,15
26,14
24,11
24,12
22,13
22,12
22,13
23,13
24,14
23,15
22,15
27,14
28,15
22,15
21,15
23,14
20,13
25,12
24,11
25,12
26,12
27,12
23,12
22,12
21,12
24,12
24,12
23,12
20,13
22,12
24,12
20,12
22,11
30,11
24,11
25,12
21,11
21,11
23,11
24,11
26,11
22,12
24,10
23,10
25,8
25,8
22,9
23,9
24,9
22,10
26,9
31,10
30,11
31,11
24,12
31,13
23,13
28,14
23,14
25,15
29,16
26,16
24,16
26,15
26,16
24,16
25,16
25,16
27,16
25,15
22,15
25,16
24,16
24,16
21,17
21,17
22,17
18,17
25,17
31,17
28,17
25,16
23,15
21,16
24,16
22,16
23,17
30,17
23,17
30,16
25,16
25,16
28,15
24,14
23,13
27,14
24,14
23,15
22,14
23,14
26,13
21,14
23,14
26,15
23,14
21,14
25,13
22,13
23,14
21,14
25,14
23,15
24,15
26,15
26,14
25,15
24,15
24,15
25,15
23,15
23,15
23,15
22,16
25,16
25,16
22,17
26,17
29,16
36,16
28,15
31,14
35,14
32,15
30,15
31,15
30,15
31,14
32,15
28,13
29,14
31,13
26,13
26,14
30,14
27,14
28,15
28,15
28,16
32,16
28,15
27,16
23,15
31,15
30,16
31,16
25,15
27,15
29,16
28,15
31,15
26,15
32,15
29,15
33,15
27,16
26,16
29,16
25,14
25,14
27,15
26,15
27,16
24,16
30,17
26,17
26,16
27,17
31,17
28,15
24,15
28,15
20,16
20,16
19,17
24,16
27,16
25,16
27,17
23,17
30,17
21,17
28,17
22,16
21,16
22,17
25,17
21,16
23,15
20,14
26,13
22,14
22,15
21,14
24,15
23,15
23,15
20,16
20,16
20,15
19,16
18,16
19,17
18,17
18,16
18,17
19,17
18,17
19,16
18,16
18,17
25,17
18,17
22,17
21,17
26,16
23,16
19,16
19,17
24,16
23,17
20,17
24,16
25,17
30,17
26,17
27,16
23,17
19,17
21,16
22,16
21,16
19,17
22,17
28,17
23,16
20,16
18,16
21,16
21,17
18,16
18,17
19,17
17,17
27,16
24,16
24,15
22,15
25,16
22,16
27,15
26,16
24,16
27,15
29,15
27,15
24,15
21,16
25,14
23,12
24,12
26,13
26,13
22,13
25,12
25,11
24,8
24,8
23,8
27,8
22,9
24,10
28,11
24,11
28,11
28,12
29,12
28,12
26,13
28,14
27,14
27,15
24,15
24,14
26,14
26,15
22,13
26,13
27,12
27,12
27,12
25,12
24,12
20,12
24,12
21,12
24,13
22,13
22,14
21,13
20,14
27,15
27,13
24,12
25,13
24,10
24,11
24,12
28,12
25,12
24,10
24,11
23,11
26,12
29,13
26,13
25,13
27,13
24,13
25,12
30,12
27,13
27,14
24,14
22,14
20,13
21,14
28,14
18,13
21,13
18,13
18,13
24,13
27,13
23,13
25,13
20,13
24,12
20,11
21,9
22,10
23,9
21,10
24,11
28,11
20,12
19,13
21,14
27,14
22,15
19,16
22,16
17,17
23,17
25,16
24,16
25,16
23,16
26,16
28,16
21,15
23,16
24,15
24,14
21,14
27,15
23,14
28,13
25,14
25,15
20,15
25,15
25,16
22,15
23,14
24,15
24,16
23,16
23,15
23,16
22,13
22,14
21,14
20,14
20,15
20,16
19,16
20,16
19,16
17,17
25,17
17,17
17,17
17,17
18,17
17,17
21,17
17,17
28,16
27,16
29,16
26,17
17,16
17,17
17,17
17,17
20,16
20,16
19,14
22,15
19,15
19,15
21,16
17,17
17,17
32,14
29,15
31,15
30,16
27,16
28,16
19,16
26,15
24,14
23,15
25,14
24,14
23,15
25,15
26,16
27,16
21,15
24,15
28,15
26,15
20,14
19,14
26,14
21,15
29,13
29,14
23,12
30,13
27,13
25,14
27,15
21,14
25,14
24,14
27,15
26,15
22,15
27,15
25,15
26,15
27,13
24,13
21,11
23,12
21,11
21,12
19,12
19,12
19,13
19,14
18,14
19,15
18,15
18,16
17,17
24,16
25,16
29,16
31,16
30,16
27,14
26,15
29,16
27,13
28,14
28,15
23,14
26,15
26,15
26,16
27,16
33,16
24,16
23,16
21,12
32,12
27,13
26,11
25,12
27,12
30,12
30,13
23,14
27,14
22,14
31,13
29,13
28,14
27,15
29,15
28,15
30,15
26,16
25,16
25,15
24,15
28,16
26,16
25,16
23,16
28,16
30,15
30,15
28,16
26,15
26,16
29,14
26,14
29,15
27,15
29,15
26,16
22,16
30,16
23,16
23,16
28,16
21,16
23,15
29,15
24,15
28,16
26,16
21,16
29,16
25,16
24,16
24,13
24,14
23,14
21,15
24,15
22,15
23,16
23,15
23,15
22,15
21,14
21,15
23,15
20,15
23,15
19,15
22,16
24,14
23,15
28,15
21,14
20,14
20,15
23,14
18,13
17,13
17,12
22,12
22,13
24,13
20,12
20,12
21,12
20,13
19,14
18,14
18,15
18,15
22,15
19,16
24,15
26,15
21,14
21,15
21,15
18,15
25,14
21,13
23,14
27,14
21,13
22,13
22,13
22,12
21,12
20,12
20,9
20,10
20,11
18,12
18,11
25,11
17,11
17,12
17,13
30,13
21,12
23,12
23,11
20,12
23,13
26,13
19,12
29,12
21,12
19,13
23,12
21,13
21,13
21,13
19,14
23,14
24,15
28,14
24,12
26,12
26,12
23,13
22,13
22,14
19,13
23,14
24,13
21,14
23,14
19,15
24,14
26,15
25,14
22,14
29,15
22,14
27,15
26,14
22,14
21,14
28,11
26,11
23,12
24,12
26,12
24,11
23,10
26,11
24,10
24,11
26,10
30,11
28,11
29,12
26,13
31,14
31,14
23,15
32,14
28,15
25,14
29,13
31,13
31,14
25,14
24,14
25,15
25,14
27,15
23,14
23,14
25,14
27,15
24,14
25,15
22,15
21,14
20,14
20,15
19,15
21,16
24,16
23,16
28,16
19,16
22,16
21,16
30,16
18,16
19,16
17,15
18,15
20,15
19,16
20,14
28,12
22,12
21,13
23,13
22,14
24,14
22,15
24,16
27,16
21,16
20,16
19,16
24,16
20,16
27,16
31,16
20,15
20,16
20,16
18,16
23,16
20,15
21,16
18,16
22,16
29,16
21,16
22,16
21,16
31,15
27,15
19,15
25,14
26,14
27,13
30,13
32,12
30,13
26,10
30,9
30,9
30,10
30,11
31,11
26,11
31,12
27,12
29,13
26,14
28,12
28,12
29,11
28,12
24,11
24,12
24,12
27,12
20,13
27,14
23,14
25,14
18,14
28,13
27,14
27,14
26,14
30,14
23,13
26,14
21,14
28,14
29,12
27,13
22,13
28,13
25,13
22,14
25,14
22,15
26,15
23,15
23,15
26,16
24,16
23,14
27,14
26,14
29,15
30,15
23,16
23,16
20,14
20,15
22,15
27,14
25,15
29,15
21,13
31,11
31,11
31,11
28,11
29,12
27,13
30,12
29,13
23,9
29,9
29,10
29,11
28,12
29,13
31,13
23,14
23,15
29,15
24,15
27,16
21,16
19,16
28,16
19,16
26,16
18,16
36,16
24,16
19,16
29,15
24,15
29,15
20,13
20,13
25,13
23,14
25,14
22,14
25,14
26,14
26,14
23,15
24,15
22,14
24,15
23,15
22,15
21,15
21,15
26,14
26,14
21,15
21,14
21,15
21,15
23,16
18,16
20,16
23,16
23,16
25,16
21,16
23,16
23,16
19,16
18,15
17,15
17,16
22,15
20,16
23,16
19,16
19,16
23,16
28,16
24,16
28,16
25,16
25,15
22,14
22,14
22,15
21,14
23,14
24,14
19,15
24,14
20,13
22,14
23,10
23,11
21,11
23,11
21,10
22,11
22,11
20,11
22,10
23,10
19,11
22,11
23,12
24,12
22,13
21,14
22,14
25,12
24,11
23,12
18,11
20,11
19,11
26,12
20,12
19,13
21,13
21,14
20,14
21,15
24,15
20,15
23,15
23,15
19,16
26,14
27,15
28,16
17,16
24,15
25,15
25,16
29,16
25,16
19,16
19,16
25,16
22,16
21,15
21,16
20,16
23,15
25,16
25,15
23,15
24,16
17,16
32,16
24,16
17,16
20,15
23,14
22,15
22,15
25,16
18,16
19,16
18,15
18,16
22,16
29,16
16,16
17,15
21,16
24,15
24,16
23,14
18,14
21,13
21,14
20,14
19,15
18,14
17,14
17,15
16,15
16,16
23,16
17,15
17,16
24,16
16,16
16,16
16,16
16,15
16,16
22,16
24,16
16,16
17,15
16,15
16,16
16,16
18,16
24,15
22,15
19,14
20,14
19,14
17,14
24,15
23,14
23,15
20,15
31,15
21,15
22,15
25,15
19,13
22,12
21,13
20,13
22,13
22,14
18,14
18,14
20,14
20,13
20,13
21,14
18,15
24,14
21,14
26,15
22,15
19,15
17,14
17,15
25,15
22,13
28,14
22,15
21,15
20,15
20,15
26,14
23,15
25,14
25,13
22,12
25,12
22,12
21,13
25,14
22,13
26,14
20,14
25,14
23,14
22,14
23,13
21,14
24,14
21,13
22,13
23,14
24,13
22,13
25,13
22,13
24,12
21,11
23,12
23,11
23,11
20,12
23,11
22,10
22,11
24,11
21,10
20,11
20,12
20,12
19,11
22,11
19,12
20,13
23,14
22,14
21,14
21,15
25,15
17,15
23,15
27,15
25,15
20,15
20,15
19,15
20,15
20,15
20,13
20,14
21,14
19,14
19,12
18,12
20,12
21,13
24,13
23,13
22,14
22,14
18,14
16,14
20,12
18,12
19,13
18,13
17,13
16,13
16,14
16,15
16,15
27,14
20,15
19,15
29,15
20,14
20,15
23,14
17,14
19,14
25,14
22,14
22,15
20,15
24,14
21,15
20,15
22,15
19,15
20,15
18,14
23,15
24,15
22,15
21,15
21,15
17,15
16,15
20,14
20,14
21,14
25,15
22,15
24,15
16,15
19,15
20,15
22,15
24,15
24,14
25,13
23,13
21,13
24,13
23,14
20,14
18,13
21,12
21,13
19,14
20,14
19,14
17,14
16,14
16,15
20,15
22,14
21,13
22,12
18,12
18,13
18,13
17,14
17,15
21,14
21,15
21,14
17,13
22,14
20,15
15,15
20,15
18,14
17,14
15,15
15,15
15,15
15,15
18,15
15,15
28,11
22,11
19,12
25,11
25,12
21,12
23,12
23,13
23,14
21,14
20,13
19,13
18,13
17,13
16,13
16,14
16,15
15,15
22,15
32,14
27,13
27,12
30,12
28,11
22,11
24,12
24,11
20,10
20,11
23,12
19,12
19,13
18,13
20,14
20,15
15,15
17,14
17,15
15,15
22,14
25,14
22,13
19,14
21,13
23,13
26,13
21,14
23,13
20,14
21,14
23,13
23,13
22,13
20,13
19,13
19,12
20,13
24,12
19,13
21,13
22,13
20,13
17,12
21,12
19,13
19,14
18,15
23,14
24,14
21,13
20,13
21,12
20,12
20,13
23,14
20,12
19,13
18,14
20,15
15,15
18,13
17,14
19,13
19,14
22,13
17,13
19,13
17,13
17,12
18,12
16,12
16,13
16,13
16,14
15,14
15,15
16,15
22,15
22,14
17,14
21,14
20,14
21,14
19,14
18,14
22,14
17,14
18,14
19,13
19,13
19,14
19,13
21,14
22,13
19,14
16,13
16,14
17,14
18,14
22,13
17,14
19,14
23,14
19,14
18,13
18,14
24,14
15,14
16,14
17,14
19,14
15,14
15,14
18,13
16,13
17,14
20,12
20,12
17,11
18,11
17,11
17,12
16,12
16,13
16,14
19,14
23,14
17,14
19,14
21,14
15,14
16,14
14,14
15,14
14,14
15,13
14,13
14,14
21,13
21,13
20,13
21,13
20,13
21,13
20,13
22,12
19,11
21,12
18,12
18,12
23,13
20,13
24,12
22,13
21,11
20,11
20,12
21,13
19,13
17,12
15,11
18,12
15,13
17,13
16,13
15,12
14,12
14,13
14,14
14,14
14,14
14,14
16,14
14,13
14,14
14,14
18,13
16,12
15,12
16,13
15,13
14,13
14,14
24,13
17,13
23,13
18,13
18,12
18,13
20,13
21,13
17,13
19,13
23,13
18,13
16,13
16,13
14,13
16,12
18,12
17,12
20,12
17,12
17,12
15,11
16,12
14,12
14,13
16,13
22,13
18,12
19,13
15,13
14,13
16,12
16,12
16,13
14,13
15,13
13,13
13,13
14,13
13,13
13,12
13,13
13,13
19,12
16,11
16,10
14,11
15,10
15,11
16,11
14,11
15,11
14,11
14,12
16,12
17,12
14,12
15,10
15,11
15,11
14,11
13,12
13,12
15,12
15,12
15,11
15,11
13,10
13,11
13,12
13,12
13,11
12,12
12,12
12,12
12,12
12,12
13,11
13,11
12,11
17,11
13,10
12,10
12,11
16,11
12,11
13,10
13,10
12,11
11,11
12,11
11,11
11,11
11,11
11,11
12,10
13,9
12,9
11,9
10,9
10,10
10,10
9,9
10,9
9,9
9,9
5,5
